Date,Product,Location,Current_Inventory,Outgoing_Quantity,Historical_Supply,Incoming_Supply,Supplier_Lead_Time,Safety_Stock,Reorder_Level,Stockout_History,Season,Ending_Inventory,Required_Replenishment
2023-01-01,Keyboard,Bangalore,297,311,264,24,3,137,168,1,Low,274,141
2023-02-01,Keyboard,Bangalore,274,319,237,70,10,101,207,1,Low,262,101
2023-03-01,Keyboard,Bangalore,262,412,364,108,3,126,167,1,Normal,322,188
2023-04-01,Keyboard,Bangalore,322,338,320,106,5,109,165,1,Normal,410,31
2023-05-01,Keyboard,Bangalore,410,384,358,0,5,152,216,0,Normal,384,129
2023-06-01,Keyboard,Bangalore,384,429,308,98,4,130,187,1,High,361,90
2023-07-01,Keyboard,Bangalore,361,359,261,82,5,143,202,0,High,345,66
2023-08-01,Keyboard,Bangalore,345,500,381,2,5,192,275,1,High,228,352
2023-09-01,Keyboard,Bangalore,228,405,281,98,5,198,265,1,Normal,202,301
2023-10-01,Keyboard,Bangalore,202,487,244,146,6,212,309,1,Peak,105,372
2023-11-01,Keyboard,Bangalore,105,545,503,110,9,197,360,1,Peak,173,546
2023-12-01,Keyboard,Bangalore,173,504,279,78,10,167,335,1,Peak,26,431
2024-01-01,Keyboard,Bangalore,26,263,268,14,3,125,151,1,Low,45,348
2024-02-01,Keyboard,Bangalore,45,352,368,29,8,111,204,1,Low,90,415
2024-03-01,Keyboard,Bangalore,90,378,260,102,6,187,262,1,Normal,74,395
2024-04-01,Keyboard,Bangalore,74,420,375,140,8,191,303,1,Normal,169,416
2024-05-01,Keyboard,Bangalore,169,344,209,67,4,166,211,1,Normal,101,283
2024-06-01,Keyboard,Bangalore,101,412,361,83,3,132,173,1,High,133,368
2024-07-01,Keyboard,Bangalore,133,460,463,55,3,156,202,1,High,191,430
2024-08-01,Keyboard,Bangalore,191,425,403,143,4,171,227,1,High,312,285
2024-09-01,Keyboard,Bangalore,312,393,319,74,5,164,229,1,Normal,312,190
2024-10-01,Keyboard,Bangalore,312,470,386,52,6,184,278,1,Peak,280,310
2024-11-01,Keyboard,Bangalore,280,534,304,148,3,231,284,1,Peak,198,363
2024-12-01,Keyboard,Bangalore,198,606,746,61,6,182,303,1,Peak,399,555
2025-01-01,Keyboard,Bangalore,399,350,303,19,5,159,217,0,Low,371,103
2025-02-01,Keyboard,Bangalore,371,387,357,71,6,164,241,1,Low,412,117
2025-03-01,Keyboard,Bangalore,412,409,322,140,6,182,263,0,Normal,465,44
2025-04-01,Keyboard,Bangalore,465,414,471,82,10,179,317,0,Normal,604,63
2025-05-01,Keyboard,Bangalore,604,394,286,89,9,181,299,0,Normal,585,26
2025-06-01,Keyboard,Bangalore,585,435,518,110,3,168,211,0,High,778,17
2025-07-01,Keyboard,Bangalore,778,402,342,77,3,186,226,0,High,795,13
2025-08-01,Keyboard,Bangalore,795,413,310,111,7,130,226,0,High,803,17
2025-09-01,Keyboard,Bangalore,803,413,453,21,5,173,241,0,Normal,864,17
2025-10-01,Keyboard,Bangalore,864,452,196,87,8,170,290,0,Peak,695,23
2025-11-01,Keyboard,Bangalore,695,520,287,83,3,182,234,0,Peak,545,28
2025-12-01,Keyboard,Bangalore,545,562,545,90,8,258,407,1,Peak,618,185
2023-01-01,Keyboard,Delhi,523,391,348,53,7,145,236,0,Low,533,23
2023-02-01,Keyboard,Delhi,533,333,329,83,8,163,251,0,Low,612,6
2023-03-01,Keyboard,Delhi,612,400,204,112,9,131,251,0,Normal,528,8
2023-04-01,Keyboard,Delhi,528,381,257,88,9,181,295,0,Normal,492,22
2023-05-01,Keyboard,Delhi,492,315,250,129,10,137,242,0,Normal,556,12
2023-06-01,Keyboard,Delhi,556,417,366,116,7,183,280,0,High,621,16
2023-07-01,Keyboard,Delhi,621,446,357,109,10,176,324,0,High,641,23
2023-08-01,Keyboard,Delhi,641,353,262,106,9,120,225,0,High,656,22
2023-09-01,Keyboard,Delhi,656,343,322,108,5,104,161,0,Normal,743,16
2023-10-01,Keyboard,Delhi,743,466,510,70,3,160,206,0,Peak,857,30
2023-11-01,Keyboard,Delhi,857,455,455,100,8,177,298,0,Peak,957,19
2023-12-01,Keyboard,Delhi,957,509,247,90,10,206,375,0,Peak,785,20
2024-01-01,Keyboard,Delhi,785,307,329,68,9,99,191,0,Low,875,11
2024-02-01,Keyboard,Delhi,875,315,191,92,9,104,198,0,Low,843,16
2024-03-01,Keyboard,Delhi,843,323,259,70,10,135,242,0,Normal,849,7
2024-04-01,Keyboard,Delhi,849,387,323,36,3,142,180,0,Normal,821,1
2024-05-01,Keyboard,Delhi,821,393,262,4,9,192,309,0,Normal,694,23
2024-06-01,Keyboard,Delhi,694,335,317,70,6,145,212,0,High,746,24
2024-07-01,Keyboard,Delhi,746,406,258,54,7,136,230,0,High,652,3
2024-08-01,Keyboard,Delhi,652,368,280,9,9,179,289,0,High,573,18
2024-09-01,Keyboard,Delhi,573,331,274,98,7,132,209,0,Normal,614,2
2024-10-01,Keyboard,Delhi,614,442,465,116,9,142,274,0,Peak,753,8
2024-11-01,Keyboard,Delhi,753,506,372,148,9,224,375,0,Peak,767,21
2024-12-01,Keyboard,Delhi,767,441,409,121,10,189,336,0,Peak,856,12
2025-01-01,Keyboard,Delhi,856,266,190,56,9,86,165,0,Low,836,21
2025-02-01,Keyboard,Delhi,836,283,283,71,8,117,192,0,Low,907,21
2025-03-01,Keyboard,Delhi,907,276,227,63,7,120,184,0,Normal,921,1
2025-04-01,Keyboard,Delhi,921,342,214,109,8,151,242,0,Normal,902,11
2025-05-01,Keyboard,Delhi,902,346,277,65,5,164,221,0,Normal,898,0
2025-06-01,Keyboard,Delhi,898,364,228,46,6,142,214,0,High,808,27
2025-07-01,Keyboard,Delhi,808,375,314,29,8,145,245,0,High,776,22
2025-08-01,Keyboard,Delhi,776,331,328,129,4,114,158,0,High,902,15
2025-09-01,Keyboard,Delhi,902,391,207,98,9,186,303,0,Normal,816,7
2025-10-01,Keyboard,Delhi,816,536,328,71,3,225,278,0,Peak,679,26
2025-11-01,Keyboard,Delhi,679,438,334,60,3,213,256,0,Peak,635,27
2025-12-01,Keyboard,Delhi,635,556,461,112,9,241,407,0,Peak,652,72
2023-01-01,Keyboard,Mumbai,307,357,316,64,5,175,234,1,Low,330,187
2023-02-01,Keyboard,Mumbai,330,240,208,24,4,81,113,0,Low,322,9
2023-03-01,Keyboard,Mumbai,322,267,163,18,7,123,185,0,Normal,236,77
2023-04-01,Keyboard,Mumbai,236,381,353,67,5,134,197,1,Normal,275,235
2023-05-01,Keyboard,Mumbai,275,327,375,29,9,144,242,1,Normal,352,184
2023-06-01,Keyboard,Mumbai,352,339,271,12,8,137,227,0,High,296,132
2023-07-01,Keyboard,Mumbai,296,351,309,146,8,161,254,1,High,400,82
2023-08-01,Keyboard,Mumbai,400,266,202,20,9,82,161,0,High,356,11
2023-09-01,Keyboard,Mumbai,356,327,306,80,3,162,194,0,Normal,415,80
2023-10-01,Keyboard,Mumbai,415,425,344,99,6,209,294,1,Peak,433,130
2023-11-01,Keyboard,Mumbai,433,444,348,96,9,139,272,1,Peak,433,57
2023-12-01,Keyboard,Mumbai,433,411,330,105,6,188,270,0,Peak,457,62
2024-01-01,Keyboard,Mumbai,457,263,231,27,4,103,138,0,Low,452,0
2024-02-01,Keyboard,Mumbai,452,302,255,24,5,130,180,0,Low,429,21
2024-03-01,Keyboard,Mumbai,429,327,330,85,7,98,174,0,Normal,517,9
2024-04-01,Keyboard,Mumbai,517,306,202,28,9,130,221,0,Normal,441,1
2024-05-01,Keyboard,Mumbai,441,373,303,73,8,143,242,0,Normal,444,14
2024-06-01,Keyboard,Mumbai,444,326,211,14,7,105,181,0,High,343,26
2024-07-01,Keyboard,Mumbai,343,346,319,22,3,156,190,1,High,338,157
2024-08-01,Keyboard,Mumbai,338,279,228,72,8,134,208,0,High,359,16
2024-09-01,Keyboard,Mumbai,359,367,152,47,4,158,206,1,Normal,191,131
2024-10-01,Keyboard,Mumbai,191,384,189,78,6,123,199,1,Peak,74,246
2024-11-01,Keyboard,Mumbai,74,428,268,19,3,209,251,1,Peak,0,562
2024-12-01,Keyboard,Mumbai,0,492,314,145,7,198,312,1,Peak,0,572
2025-01-01,Keyboard,Mumbai,0,304,233,103,4,145,185,1,Low,32,355
2025-02-01,Keyboard,Mumbai,32,250,220,16,6,99,149,1,Low,18,309
2025-03-01,Keyboard,Mumbai,18,346,164,69,8,118,210,1,Normal,0,379
2025-04-01,Keyboard,Mumbai,0,344,242,101,9,158,261,1,Normal,0,402
2025-05-01,Keyboard,Mumbai,0,287,299,60,6,94,151,1,Normal,72,344
2025-06-01,Keyboard,Mumbai,72,390,365,0,6,150,228,1,High,47,472
2025-07-01,Keyboard,Mumbai,47,310,288,30,9,111,204,1,High,55,362
2025-08-01,Keyboard,Mumbai,55,315,328,88,8,140,224,1,High,156,316
2025-09-01,Keyboard,Mumbai,156,339,365,97,8,123,213,1,Normal,279,222
2025-10-01,Keyboard,Mumbai,279,433,472,12,3,162,205,1,Peak,330,320
2025-11-01,Keyboard,Mumbai,330,355,156,88,4,156,203,1,Peak,219,101
2025-12-01,Keyboard,Mumbai,219,385,185,107,3,188,226,1,Peak,126,271
2023-01-01,Laptop,Bangalore,172,149,118,47,7,53,87,0,Low,188,3
2023-02-01,Laptop,Bangalore,188,142,93,28,7,65,98,0,Low,167,30
2023-03-01,Laptop,Bangalore,167,237,208,61,9,77,148,1,Normal,199,114
2023-04-01,Laptop,Bangalore,199,227,161,50,8,71,131,1,Normal,183,66
2023-05-01,Laptop,Bangalore,183,163,132,51,10,61,115,0,Normal,203,30
2023-06-01,Laptop,Bangalore,203,207,138,69,9,102,164,1,High,203,67
2023-07-01,Laptop,Bangalore,203,167,121,28,9,64,114,0,High,185,27
2023-08-01,Laptop,Bangalore,185,217,228,60,8,67,124,1,High,256,51
2023-09-01,Laptop,Bangalore,256,186,95,30,6,66,103,0,Normal,195,5
2023-10-01,Laptop,Bangalore,195,267,217,79,4,80,115,1,Peak,224,83
2023-11-01,Laptop,Bangalore,224,253,216,108,5,124,166,1,Peak,295,58
2023-12-01,Laptop,Bangalore,295,266,276,101,9,103,182,0,Peak,406,15
2024-01-01,Laptop,Bangalore,406,176,148,33,4,86,109,0,Low,411,27
2024-02-01,Laptop,Bangalore,411,189,145,12,7,67,111,0,Low,379,25
2024-03-01,Laptop,Bangalore,379,181,113,1,7,89,131,0,Normal,312,19
2024-04-01,Laptop,Bangalore,312,205,194,71,7,89,136,0,Normal,372,1
2024-05-01,Laptop,Bangalore,372,171,143,39,10,64,121,0,Normal,383,30
2024-06-01,Laptop,Bangalore,383,194,165,44,3,95,114,0,High,398,1
2024-07-01,Laptop,Bangalore,398,225,266,79,7,112,164,0,High,518,4
2024-08-01,Laptop,Bangalore,518,224,165,8,4,105,134,0,High,467,13
2024-09-01,Laptop,Bangalore,467,179,109,54,6,61,96,0,Normal,451,27
2024-10-01,Laptop,Bangalore,451,290,246,117,9,93,180,0,Peak,524,21
2024-11-01,Laptop,Bangalore,524,246,240,74,3,100,124,0,Peak,592,24
2024-12-01,Laptop,Bangalore,592,260,285,74,3,84,110,0,Peak,691,18
2025-01-01,Laptop,Bangalore,691,173,166,4,4,64,87,0,Low,688,26
2025-02-01,Laptop,Bangalore,688,199,167,0,5,95,128,0,Low,656,23
2025-03-01,Laptop,Bangalore,656,192,174,38,4,90,115,0,Normal,676,27
2025-04-01,Laptop,Bangalore,676,215,171,51,6,84,127,0,Normal,683,12
2025-05-01,Laptop,Bangalore,683,206,108,18,5,64,98,0,Normal,603,23
2025-06-01,Laptop,Bangalore,603,228,276,38,3,109,131,0,High,689,17
2025-07-01,Laptop,Bangalore,689,188,169,22,7,62,105,0,High,692,20
2025-08-01,Laptop,Bangalore,692,205,105,37,8,66,120,0,High,629,1
2025-09-01,Laptop,Bangalore,629,189,120,47,5,58,89,0,Normal,607,14
2025-10-01,Laptop,Bangalore,607,283,274,39,10,134,228,0,Peak,637,16
2025-11-01,Laptop,Bangalore,637,261,210,114,9,97,175,0,Peak,700,22
2025-12-01,Laptop,Bangalore,700,250,242,25,8,98,164,0,Peak,717,14
2023-01-01,Laptop,Delhi,192,141,127,24,10,59,106,0,Low,202,10
2023-02-01,Laptop,Delhi,202,147,164,40,5,69,93,0,Low,259,21
2023-03-01,Laptop,Delhi,259,181,139,27,8,61,109,0,Normal,244,11
2023-04-01,Laptop,Delhi,244,169,76,24,4,68,90,0,Normal,175,26
2023-05-01,Laptop,Delhi,175,168,130,58,6,62,95,0,Normal,195,18
2023-06-01,Laptop,Delhi,195,193,133,40,6,77,115,0,High,175,53
2023-07-01,Laptop,Delhi,175,186,219,26,4,91,115,1,High,234,95
2023-08-01,Laptop,Delhi,234,191,152,17,6,74,112,0,High,212,28
2023-09-01,Laptop,Delhi,212,171,97,37,4,73,95,0,Normal,175,9
2023-10-01,Laptop,Delhi,175,191,181,41,6,64,102,1,Peak,206,46
2023-11-01,Laptop,Delhi,206,250,332,13,8,91,157,1,Peak,301,142
2023-12-01,Laptop,Delhi,301,218,189,5,10,80,152,0,Peak,277,8
2024-01-01,Laptop,Delhi,277,134,93,17,3,66,79,0,Low,253,23
2024-02-01,Laptop,Delhi,253,166,167,48,9,76,125,0,Low,302,0
2024-03-01,Laptop,Delhi,302,195,162,45,4,63,89,0,Normal,314,1
2024-04-01,Laptop,Delhi,314,201,116,16,3,62,82,0,Normal,245,2
2024-05-01,Laptop,Delhi,245,145,134,34,5,57,81,0,Normal,268,0
2024-06-01,Laptop,Delhi,268,184,145,65,7,75,117,0,High,294,8
2024-07-01,Laptop,Delhi,294,184,159,38,6,59,95,0,High,307,19
2024-08-01,Laptop,Delhi,307,191,144,45,7,76,120,0,High,305,12
2024-09-01,Laptop,Delhi,305,149,124,17,7,46,80,0,Normal,297,1
2024-10-01,Laptop,Delhi,297,223,219,51,4,102,131,0,Peak,344,27
2024-11-01,Laptop,Delhi,344,225,117,29,8,91,151,0,Peak,265,24
2024-12-01,Laptop,Delhi,265,226,194,51,5,87,124,0,Peak,284,6
2025-01-01,Laptop,Delhi,284,155,85,25,8,53,94,0,Low,239,14
2025-02-01,Laptop,Delhi,239,135,158,29,5,49,71,0,Low,291,16
2025-03-01,Laptop,Delhi,291,179,142,1,6,62,97,0,Normal,255,16
2025-04-01,Laptop,Delhi,255,179,145,79,10,55,114,0,Normal,300,21
2025-05-01,Laptop,Delhi,300,178,133,34,3,61,78,0,Normal,289,5
2025-06-01,Laptop,Delhi,289,172,130,22,10,71,128,0,High,269,16
2025-07-01,Laptop,Delhi,269,180,193,57,6,89,125,0,High,339,15
2025-08-01,Laptop,Delhi,339,189,224,39,3,62,80,0,High,413,2
2025-09-01,Laptop,Delhi,413,216,210,31,5,95,131,0,Normal,438,6
2025-10-01,Laptop,Delhi,438,257,227,0,6,125,176,0,Peak,408,7
2025-11-01,Laptop,Delhi,408,225,140,87,3,76,98,0,Peak,410,6
2025-12-01,Laptop,Delhi,410,242,194,57,6,81,129,0,Peak,419,16
2023-01-01,Laptop,Mumbai,91,159,132,52,9,58,105,1,Low,116,76
2023-02-01,Laptop,Mumbai,116,118,108,37,6,56,79,1,Low,143,31
2023-03-01,Laptop,Mumbai,143,180,208,39,10,57,117,1,Normal,210,76
2023-04-01,Laptop,Mumbai,210,135,127,14,5,58,80,0,Normal,216,0
2023-05-01,Laptop,Mumbai,216,133,105,32,10,57,101,0,Normal,220,0
2023-06-01,Laptop,Mumbai,220,198,104,24,10,63,129,0,High,150,30
2023-07-01,Laptop,Mumbai,150,185,150,59,5,88,118,1,High,174,93
2023-08-01,Laptop,Mumbai,174,189,98,37,3,78,96,1,High,120,84
2023-09-01,Laptop,Mumbai,120,222,176,41,10,95,169,1,Normal,115,176
2023-10-01,Laptop,Mumbai,115,226,160,62,9,111,178,1,Peak,111,180
2023-11-01,Laptop,Mumbai,111,197,125,53,5,65,97,1,Peak,92,123
2023-12-01,Laptop,Mumbai,92,212,179,25,5,87,122,1,Peak,84,203
2024-01-01,Laptop,Mumbai,84,109,70,31,4,51,65,1,Low,76,55
2024-02-01,Laptop,Mumbai,76,160,156,22,8,59,101,1,Low,94,123
2024-03-01,Laptop,Mumbai,94,176,90,60,6,70,105,1,Normal,68,92
2024-04-01,Laptop,Mumbai,68,162,137,35,10,71,125,1,Normal,78,152
2024-05-01,Laptop,Mumbai,78,163,117,31,10,67,121,1,Normal,63,151
2024-06-01,Laptop,Mumbai,63,166,119,34,8,59,103,1,High,50,147
2024-07-01,Laptop,Mumbai,50,135,119,34,10,61,106,1,High,68,115
2024-08-01,Laptop,Mumbai,68,150,191,57,8,46,86,1,High,166,93
2024-09-01,Laptop,Mumbai,166,159,111,19,5,61,87,0,Normal,137,60
2024-10-01,Laptop,Mumbai,137,246,212,9,4,81,113,1,Peak,112,196
2024-11-01,Laptop,Mumbai,112,216,269,14,10,88,160,1,Peak,179,189
2024-12-01,Laptop,Mumbai,179,250,188,96,4,92,125,1,Peak,213,92
2025-01-01,Laptop,Mumbai,213,152,139,0,6,50,80,0,Low,200,9
2025-02-01,Laptop,Mumbai,200,109,84,16,8,46,75,0,Low,191,25
2025-03-01,Laptop,Mumbai,191,162,154,29,10,69,123,0,Normal,212,37
2025-04-01,Laptop,Mumbai,212,163,182,12,6,67,99,0,Normal,243,6
2025-05-01,Laptop,Mumbai,243,172,153,39,6,64,98,0,Normal,263,16
2025-06-01,Laptop,Mumbai,263,164,111,46,4,59,80,0,High,256,3
2025-07-01,Laptop,Mumbai,256,155,165,43,5,73,98,0,High,309,24
2025-08-01,Laptop,Mumbai,309,191,181,49,6,64,102,0,High,348,16
2025-09-01,Laptop,Mumbai,348,148,129,37,3,67,81,0,Normal,366,4
2025-10-01,Laptop,Mumbai,366,206,198,57,6,79,120,0,Peak,415,8
2025-11-01,Laptop,Mumbai,415,224,78,60,6,104,148,0,Peak,329,16
2025-12-01,Laptop,Mumbai,329,203,175,37,6,61,101,0,Peak,338,19
2023-01-01,Monitor,Bangalore,123,159,108,23,3,54,69,1,Low,95,75
2023-02-01,Monitor,Bangalore,95,138,133,19,3,63,76,1,Low,109,107
2023-03-01,Monitor,Bangalore,109,166,61,28,3,50,66,1,Normal,32,89
2023-04-01,Monitor,Bangalore,32,167,121,14,7,81,119,1,Normal,0,220
2023-05-01,Monitor,Bangalore,0,179,136,14,7,62,103,1,Normal,0,252
2023-06-01,Monitor,Bangalore,0,200,187,48,9,98,158,1,High,35,263
2023-07-01,Monitor,Bangalore,35,184,124,56,4,64,88,1,High,31,160
2023-08-01,Monitor,Bangalore,31,192,197,80,4,61,86,1,High,116,158
2023-09-01,Monitor,Bangalore,116,174,133,48,9,74,126,1,Normal,123,96
2023-10-01,Monitor,Bangalore,123,219,162,36,4,87,116,1,Peak,102,152
2023-11-01,Monitor,Bangalore,102,215,139,49,10,99,170,1,Peak,75,173
2023-12-01,Monitor,Bangalore,75,248,237,44,3,78,102,1,Peak,108,236
2024-01-01,Monitor,Bangalore,108,104,98,19,9,48,79,0,Low,121,35
2024-02-01,Monitor,Bangalore,121,128,104,15,4,48,65,1,Low,112,45
2024-03-01,Monitor,Bangalore,112,160,173,67,4,60,81,1,Normal,192,49
2024-04-01,Monitor,Bangalore,192,140,104,26,9,44,86,0,Normal,182,27
2024-05-01,Monitor,Bangalore,182,147,161,23,10,48,97,0,Normal,219,0
2024-06-01,Monitor,Bangalore,219,183,154,0,3,89,107,0,High,190,70
2024-07-01,Monitor,Bangalore,190,156,162,17,9,71,117,0,High,213,24
2024-08-01,Monitor,Bangalore,213,185,217,28,10,68,129,0,High,273,24
2024-09-01,Monitor,Bangalore,273,165,145,14,7,62,100,0,Normal,267,17
2024-10-01,Monitor,Bangalore,267,207,90,34,8,93,148,0,Peak,184,4
2024-11-01,Monitor,Bangalore,184,207,209,46,6,75,116,1,Peak,232,79
2024-12-01,Monitor,Bangalore,232,230,113,11,3,114,137,0,Peak,126,116
2025-01-01,Monitor,Bangalore,126,187,82,33,7,84,127,1,Low,54,121
2025-02-01,Monitor,Bangalore,54,162,88,18,4,57,78,1,Low,0,158
2025-03-01,Monitor,Bangalore,0,168,176,30,3,69,85,1,Normal,38,221
2025-04-01,Monitor,Bangalore,38,145,124,42,4,57,76,1,Normal,59,146
2025-05-01,Monitor,Bangalore,59,161,175,31,9,61,109,1,Normal,104,135
2025-06-01,Monitor,Bangalore,104,171,145,64,8,59,104,1,High,142,73
2025-07-01,Monitor,Bangalore,142,169,137,31,10,60,116,1,High,141,71
2025-08-01,Monitor,Bangalore,141,160,136,48,6,63,95,1,High,165,59
2025-09-01,Monitor,Bangalore,165,223,122,49,8,100,159,1,Normal,113,133
2025-10-01,Monitor,Bangalore,113,170,176,28,5,70,98,1,Peak,147,129
2025-11-01,Monitor,Bangalore,147,237,207,75,5,80,119,1,Peak,192,102
2025-12-01,Monitor,Bangalore,192,210,205,58,5,76,111,1,Peak,245,57
2023-01-01,Monitor,Delhi,140,149,101,33,6,60,89,1,Low,125,47
2023-02-01,Monitor,Delhi,125,131,126,36,3,39,52,1,Low,156,28
2023-03-01,Monitor,Delhi,156,134,95,12,9,52,92,0,Normal,129,32
2023-04-01,Monitor,Delhi,129,150,99,40,7,64,99,1,Normal,118,70
2023-05-01,Monitor,Delhi,118,124,55,19,10,41,82,1,Normal,68,44
2023-06-01,Monitor,Delhi,68,143,165,29,9,67,109,1,High,119,117
2023-07-01,Monitor,Delhi,119,192,230,86,6,59,97,1,High,243,64
2023-08-01,Monitor,Delhi,243,158,160,9,9,48,95,0,High,254,18
2023-09-01,Monitor,Delhi,254,146,103,37,8,72,110,0,Normal,248,18
2023-10-01,Monitor,Delhi,248,186,162,26,10,69,131,0,Peak,250,0
2023-11-01,Monitor,Delhi,250,193,149,53,5,88,120,0,Peak,259,21
2023-12-01,Monitor,Delhi,259,210,165,89,7,70,119,0,Peak,303,14
2024-01-01,Monitor,Delhi,303,123,74,28,8,55,87,0,Low,282,9
2024-02-01,Monitor,Delhi,282,102,96,37,4,33,46,0,Low,313,21
2024-03-01,Monitor,Delhi,313,152,67,21,7,69,104,0,Normal,249,4
2024-04-01,Monitor,Delhi,249,126,71,0,6,58,83,0,Normal,194,5
2024-05-01,Monitor,Delhi,194,141,116,51,9,56,98,0,Normal,220,5
2024-06-01,Monitor,Delhi,220,156,93,35,3,51,66,0,High,192,30
2024-07-01,Monitor,Delhi,192,164,157,31,7,51,89,0,High,216,27
2024-08-01,Monitor,Delhi,216,161,121,38,9,56,104,0,High,214,15
2024-09-01,Monitor,Delhi,214,130,53,25,3,59,72,0,Normal,162,23
2024-10-01,Monitor,Delhi,162,181,57,52,5,56,86,1,Peak,90,29
2024-11-01,Monitor,Delhi,90,192,144,39,10,83,147,1,Peak,81,152
2024-12-01,Monitor,Delhi,81,204,99,30,7,63,110,1,Peak,6,180
2025-01-01,Monitor,Delhi,6,134,107,30,7,57,88,1,Low,9,173
2025-02-01,Monitor,Delhi,9,103,49,32,5,50,67,1,Low,0,120
2025-03-01,Monitor,Delhi,0,135,103,13,8,55,91,1,Normal,0,178
2025-04-01,Monitor,Delhi,0,151,126,24,6,67,97,1,Normal,0,210
2025-05-01,Monitor,Delhi,0,125,113,30,4,49,65,1,Normal,18,145
2025-06-01,Monitor,Delhi,18,181,167,73,10,69,129,1,High,77,182
2025-07-01,Monitor,Delhi,77,159,134,21,5,62,88,1,High,73,142
2025-08-01,Monitor,Delhi,73,150,123,54,4,54,74,1,High,100,100
2025-09-01,Monitor,Delhi,100,156,98,26,6,73,104,1,Normal,68,128
2025-10-01,Monitor,Delhi,68,166,162,31,6,75,108,1,Peak,95,142
2025-11-01,Monitor,Delhi,95,217,153,34,9,93,158,1,Peak,65,199
2025-12-01,Monitor,Delhi,65,215,176,12,7,105,155,1,Peak,38,266
2023-01-01,Monitor,Mumbai,115,148,150,0,9,63,107,1,Low,117,101
2023-02-01,Monitor,Mumbai,117,133,64,43,6,44,70,1,Low,91,43
2023-03-01,Monitor,Mumbai,91,128,92,35,10,47,89,1,Normal,90,53
2023-04-01,Monitor,Mumbai,90,145,125,21,6,66,95,1,Normal,91,122
2023-05-01,Monitor,Mumbai,91,133,118,14,9,43,82,1,Normal,90,98
2023-06-01,Monitor,Mumbai,90,169,106,39,8,83,128,1,High,66,127
2023-07-01,Monitor,Mumbai,66,169,222,24,3,78,94,1,High,143,159
2023-08-01,Monitor,Mumbai,143,125,112,22,7,45,74,0,High,152,10
2023-09-01,Monitor,Mumbai,152,116,119,7,5,55,74,0,Normal,162,35
2023-10-01,Monitor,Mumbai,162,194,157,59,4,89,114,1,Peak,184,77
2023-11-01,Monitor,Mumbai,184,190,172,54,8,84,134,1,Peak,220,54
2023-12-01,Monitor,Mumbai,220,172,98,69,9,58,109,0,Peak,215,21
2024-01-01,Monitor,Mumbai,215,129,119,14,8,63,97,0,Low,219,15
2024-02-01,Monitor,Mumbai,219,120,84,26,4,43,59,0,Low,209,6
2024-03-01,Monitor,Mumbai,209,143,85,41,3,66,80,0,Normal,192,3
2024-04-01,Monitor,Mumbai,192,110,65,14,4,44,58,0,Normal,161,2
2024-05-01,Monitor,Mumbai,161,125,136,29,6,60,85,0,Normal,201,2
2024-06-01,Monitor,Mumbai,201,157,138,27,6,67,98,0,High,209,26
2024-07-01,Monitor,Mumbai,209,120,61,0,8,56,88,0,High,150,29
2024-08-01,Monitor,Mumbai,150,163,112,31,9,52,100,1,High,130,57
2024-09-01,Monitor,Mumbai,130,141,93,38,8,67,104,1,Normal,120,59
2024-10-01,Monitor,Mumbai,120,186,114,57,7,91,134,1,Peak,105,122
2024-11-01,Monitor,Mumbai,105,215,194,50,6,69,112,1,Peak,134,136
2024-12-01,Monitor,Mumbai,134,208,165,35,3,72,92,1,Peak,126,135
2025-01-01,Monitor,Mumbai,126,128,79,37,3,39,51,1,Low,114,12
2025-02-01,Monitor,Mumbai,114,145,112,26,10,48,96,1,Low,107,69
2025-03-01,Monitor,Mumbai,107,124,57,25,5,61,81,1,Normal,65,57
2025-04-01,Monitor,Mumbai,65,155,95,34,10,72,123,1,Normal,39,156
2025-05-01,Monitor,Mumbai,39,125,100,27,5,58,78,1,Normal,41,129
2025-06-01,Monitor,Mumbai,41,166,111,2,9,64,113,1,High,0,201
2025-07-01,Monitor,Mumbai,0,141,87,50,6,54,82,1,High,0,164
2025-08-01,Monitor,Mumbai,0,172,140,6,3,75,92,1,High,0,268
2025-09-01,Monitor,Mumbai,0,148,98,31,5,63,87,1,Normal,0,202
2025-10-01,Monitor,Mumbai,0,185,124,40,3,74,92,1,Peak,0,243
2025-11-01,Monitor,Mumbai,0,190,159,11,5,67,98,1,Peak,0,248
2025-12-01,Monitor,Mumbai,0,174,142,9,10,61,119,1,Peak,0,231
2023-01-01,Smartphone,Bangalore,332,332,139,44,10,135,245,0,Low,183,108
2023-02-01,Smartphone,Bangalore,183,318,168,82,3,151,182,1,Low,115,226
2023-03-01,Smartphone,Bangalore,115,339,269,91,5,161,217,1,Normal,136,296
2023-04-01,Smartphone,Bangalore,136,331,345,43,5,165,220,1,Normal,193,345
2023-05-01,Smartphone,Bangalore,193,329,226,10,10,156,265,1,Normal,100,286
2023-06-01,Smartphone,Bangalore,100,299,221,35,3,103,132,1,High,57,296
2023-07-01,Smartphone,Bangalore,57,379,359,2,7,116,204,1,High,39,459
2023-08-01,Smartphone,Bangalore,39,319,244,37,6,109,172,1,High,1,375
2023-09-01,Smartphone,Bangalore,1,338,333,107,8,142,232,1,Normal,103,384
2023-10-01,Smartphone,Bangalore,103,487,339,68,8,168,297,1,Peak,23,500
2023-11-01,Smartphone,Bangalore,23,447,464,72,9,213,347,1,Peak,112,582
2023-12-01,Smartphone,Bangalore,112,386,335,62,4,169,220,1,Peak,123,386
2024-01-01,Smartphone,Bangalore,123,330,309,38,3,138,171,1,Low,140,315
2024-02-01,Smartphone,Bangalore,140,286,259,88,10,100,195,1,Low,201,162
2024-03-01,Smartphone,Bangalore,201,297,295,85,6,111,170,1,Normal,284,147
2024-04-01,Smartphone,Bangalore,284,295,276,27,4,93,132,1,Normal,292,81
2024-05-01,Smartphone,Bangalore,292,331,333,110,5,153,208,1,Normal,404,108
2024-06-01,Smartphone,Bangalore,404,322,273,74,7,113,188,0,High,429,7
2024-07-01,Smartphone,Bangalore,429,340,239,85,10,150,263,0,High,413,9
2024-08-01,Smartphone,Bangalore,413,393,263,97,6,166,244,0,High,380,59
2024-09-01,Smartphone,Bangalore,380,328,298,53,9,152,250,0,Normal,403,76
2024-10-01,Smartphone,Bangalore,403,398,351,95,9,132,251,0,Peak,451,60
2024-11-01,Smartphone,Bangalore,451,400,270,80,7,169,262,0,Peak,401,68
2024-12-01,Smartphone,Bangalore,401,432,474,95,4,184,241,1,Peak,538,125
2025-01-01,Smartphone,Bangalore,538,323,243,70,6,137,201,0,Low,528,17
2025-02-01,Smartphone,Bangalore,528,295,214,64,6,106,165,0,Low,511,9
2025-03-01,Smartphone,Bangalore,511,304,240,71,10,93,194,0,Normal,518,6
2025-04-01,Smartphone,Bangalore,518,311,240,0,7,94,166,0,Normal,447,18
2025-05-01,Smartphone,Bangalore,447,325,180,25,6,125,190,0,Normal,327,22
2025-06-01,Smartphone,Bangalore,327,356,364,117,7,156,239,1,High,452,94
2025-07-01,Smartphone,Bangalore,452,296,203,38,4,141,180,0,High,397,16
2025-08-01,Smartphone,Bangalore,397,338,191,154,3,149,182,0,High,404,26
2025-09-01,Smartphone,Bangalore,404,342,304,55,9,133,235,0,Normal,421,44
2025-10-01,Smartphone,Bangalore,421,429,329,28,10,153,296,1,Peak,349,162
2025-11-01,Smartphone,Bangalore,349,404,468,98,8,139,246,1,Peak,511,116
2025-12-01,Smartphone,Bangalore,511,393,337,76,7,164,255,0,Peak,531,16
2023-01-01,Smartphone,Delhi,387,242,237,30,5,84,124,0,Low,412,9
2023-02-01,Smartphone,Delhi,412,203,136,18,9,73,133,0,Low,363,11
2023-03-01,Smartphone,Delhi,363,274,153,54,3,119,146,0,Normal,296,14
2023-04-01,Smartphone,Delhi,296,353,389,89,6,143,213,1,Normal,421,127
2023-05-01,Smartphone,Delhi,421,227,230,66,7,84,136,0,Normal,490,23
2023-06-01,Smartphone,Delhi,490,398,207,102,5,197,263,0,High,401,24
2023-07-01,Smartphone,Delhi,401,307,168,43,10,101,203,0,High,305,30
2023-08-01,Smartphone,Delhi,305,298,241,34,10,142,241,0,High,282,108
2023-09-01,Smartphone,Delhi,282,306,300,43,5,144,195,1,Normal,319,148
2023-10-01,Smartphone,Delhi,319,417,341,114,8,180,291,1,Peak,357,171
2023-11-01,Smartphone,Delhi,357,434,339,53,7,146,247,1,Peak,315,170
2023-12-01,Smartphone,Delhi,315,325,276,35,6,113,178,1,Peak,301,93
2024-01-01,Smartphone,Delhi,301,213,181,5,6,77,119,0,Low,274,23
2024-02-01,Smartphone,Delhi,274,299,155,66,4,122,161,1,Low,196,88
2024-03-01,Smartphone,Delhi,196,278,264,53,7,83,147,1,Normal,235,117
2024-04-01,Smartphone,Delhi,235,263,180,92,9,120,198,1,Normal,244,76
2024-05-01,Smartphone,Delhi,244,306,250,66,6,115,176,1,Normal,254,138
2024-06-01,Smartphone,Delhi,254,342,309,92,10,156,270,1,High,313,179
2024-07-01,Smartphone,Delhi,313,318,234,87,7,110,184,1,High,316,52
2024-08-01,Smartphone,Delhi,316,338,236,132,7,141,219,1,High,346,38
2024-09-01,Smartphone,Delhi,346,275,97,109,8,112,185,0,Normal,277,16
2024-10-01,Smartphone,Delhi,277,333,216,68,3,125,158,1,Peak,228,120
2024-11-01,Smartphone,Delhi,228,358,306,104,8,131,226,1,Peak,280,176
2024-12-01,Smartphone,Delhi,280,429,489,84,9,204,332,1,Peak,424,295
2025-01-01,Smartphone,Delhi,424,237,208,35,3,104,127,0,Low,430,3
2025-02-01,Smartphone,Delhi,430,268,302,52,8,118,189,0,Low,516,21
2025-03-01,Smartphone,Delhi,516,346,246,118,7,137,217,0,Normal,534,26
2025-04-01,Smartphone,Delhi,534,282,321,70,9,118,202,0,Normal,643,26
2025-05-01,Smartphone,Delhi,643,261,182,41,4,96,130,0,Normal,605,25
2025-06-01,Smartphone,Delhi,605,277,206,43,8,117,190,0,High,577,7
2025-07-01,Smartphone,Delhi,577,394,361,126,10,120,251,0,High,670,30
2025-08-01,Smartphone,Delhi,670,354,259,54,4,111,158,0,High,629,25
2025-09-01,Smartphone,Delhi,629,391,353,47,7,146,237,0,Normal,638,24
2025-10-01,Smartphone,Delhi,638,413,313,43,7,173,269,0,Peak,581,25
2025-11-01,Smartphone,Delhi,581,381,352,82,4,150,200,0,Peak,634,26
2025-12-01,Smartphone,Delhi,634,417,372,19,6,201,284,0,Peak,608,19
2023-01-01,Smartphone,Mumbai,347,203,199,19,4,61,88,0,Low,362,19
2023-02-01,Smartphone,Mumbai,362,248,158,45,3,81,105,0,Low,317,28
2023-03-01,Smartphone,Mumbai,317,249,153,30,10,78,161,0,Normal,251,18
2023-04-01,Smartphone,Mumbai,251,294,386,26,8,100,178,1,Normal,369,134
2023-05-01,Smartphone,Mumbai,369,307,184,0,4,124,164,0,Normal,246,67
2023-06-01,Smartphone,Mumbai,246,252,216,43,5,83,125,1,High,253,52
2023-07-01,Smartphone,Mumbai,253,267,262,43,5,114,158,1,High,291,112
2023-08-01,Smartphone,Mumbai,291,294,229,59,10,130,228,1,High,285,96
2023-09-01,Smartphone,Mumbai,285,242,163,50,9,73,145,0,Normal,256,2
2023-10-01,Smartphone,Mumbai,256,346,252,61,5,148,205,1,Peak,223,200
2023-11-01,Smartphone,Mumbai,223,376,334,11,5,185,247,1,Peak,192,344
2023-12-01,Smartphone,Mumbai,192,318,298,78,9,135,230,1,Peak,250,198
2024-01-01,Smartphone,Mumbai,250,241,132,53,6,106,154,0,Low,194,54
2024-02-01,Smartphone,Mumbai,194,256,187,48,4,119,153,1,Low,173,152
2024-03-01,Smartphone,Mumbai,173,223,256,36,8,83,142,1,Normal,242,122
2024-04-01,Smartphone,Mumbai,242,287,239,29,8,130,206,1,Normal,223,172
2024-05-01,Smartphone,Mumbai,223,274,227,101,3,108,135,1,Normal,277,59
2024-06-01,Smartphone,Mumbai,277,300,277,23,7,114,184,1,High,277,127
2024-07-01,Smartphone,Mumbai,277,297,258,87,7,130,199,1,High,325,83
2024-08-01,Smartphone,Mumbai,325,316,278,9,4,131,173,0,High,296,137
2024-09-01,Smartphone,Mumbai,296,335,266,75,7,101,179,1,Normal,302,76
2024-10-01,Smartphone,Mumbai,302,386,166,27,7,167,257,1,Peak,109,249
2024-11-01,Smartphone,Mumbai,109,284,170,62,8,127,202,1,Peak,57,265
2024-12-01,Smartphone,Mumbai,57,323,198,20,7,122,197,1,Peak,0,384
2025-01-01,Smartphone,Mumbai,0,256,281,63,8,101,169,1,Low,88,298
2025-02-01,Smartphone,Mumbai,88,236,161,50,10,80,158,1,Low,63,207
2025-03-01,Smartphone,Mumbai,63,252,317,49,3,79,104,1,Normal,177,229
2025-04-01,Smartphone,Mumbai,177,333,313,47,10,128,239,1,Normal,204,241
2025-05-01,Smartphone,Mumbai,204,305,207,58,3,99,129,1,Normal,164,156
2025-06-01,Smartphone,Mumbai,164,319,279,83,6,130,193,1,High,207,222
2025-07-01,Smartphone,Mumbai,207,325,320,62,10,152,260,1,High,264,222
2025-08-01,Smartphone,Mumbai,264,237,209,52,5,117,156,0,High,288,60
2025-09-01,Smartphone,Mumbai,288,224,295,20,9,68,135,0,Normal,379,15
2025-10-01,Smartphone,Mumbai,379,388,307,104,10,191,320,1,Peak,402,125
2025-11-01,Smartphone,Mumbai,402,348,232,72,5,162,220,0,Peak,358,38
2025-12-01,Smartphone,Mumbai,358,334,282,50,6,108,174,0,Peak,356,41
2023-01-01,Tablet,Bangalore,315,207,172,0,3,85,105,0,Low,280,30
2023-02-01,Tablet,Bangalore,280,199,170,37,8,65,118,0,Low,288,5
2023-03-01,Tablet,Bangalore,288,232,139,9,10,91,168,0,Normal,204,38
2023-04-01,Tablet,Bangalore,204,242,205,24,6,110,158,1,Normal,191,154
2023-05-01,Tablet,Bangalore,191,165,141,5,6,77,110,0,Normal,172,76
2023-06-01,Tablet,Bangalore,172,299,205,41,5,123,172,1,High,119,238
2023-07-01,Tablet,Bangalore,119,251,180,30,3,114,139,1,High,78,231
2023-08-01,Tablet,Bangalore,78,251,136,65,6,106,156,1,High,28,218
2023-09-01,Tablet,Bangalore,28,201,197,49,6,86,126,1,Normal,73,214
2023-10-01,Tablet,Bangalore,73,333,181,111,6,126,192,1,Peak,32,301
2023-11-01,Tablet,Bangalore,32,346,254,61,7,130,210,1,Peak,1,388
2023-12-01,Tablet,Bangalore,1,286,171,73,9,119,204,1,Peak,0,335
2024-01-01,Tablet,Bangalore,0,179,142,4,6,76,111,1,Low,0,271
2024-02-01,Tablet,Bangalore,0,205,148,52,4,66,93,1,Low,0,236
2024-03-01,Tablet,Bangalore,0,181,128,45,6,85,121,1,Normal,0,237
2024-04-01,Tablet,Bangalore,0,238,212,51,3,76,99,1,Normal,25,264
2024-05-01,Tablet,Bangalore,25,199,143,55,4,96,122,1,Normal,24,242
2024-06-01,Tablet,Bangalore,24,247,150,0,5,98,139,1,High,0,337
2024-07-01,Tablet,Bangalore,0,249,207,34,10,118,201,1,High,0,340
2024-08-01,Tablet,Bangalore,0,264,268,67,3,118,144,1,High,71,317
2024-09-01,Tablet,Bangalore,71,220,233,30,8,109,167,1,Normal,114,253
2024-10-01,Tablet,Bangalore,114,346,221,64,7,141,221,1,Peak,53,324
2024-11-01,Tablet,Bangalore,53,330,350,59,4,143,187,1,Peak,132,385
2024-12-01,Tablet,Bangalore,132,311,229,83,4,123,164,1,Peak,133,222
2025-01-01,Tablet,Bangalore,133,244,283,22,9,98,171,1,Low,194,196
2025-02-01,Tablet,Bangalore,194,215,136,47,9,69,133,1,Low,162,50
2025-03-01,Tablet,Bangalore,162,196,80,45,3,65,84,1,Normal,91,65
2025-04-01,Tablet,Bangalore,91,237,132,74,10,94,173,1,Normal,60,172
2025-05-01,Tablet,Bangalore,60,264,168,62,7,130,191,1,Normal,26,294
2025-06-01,Tablet,Bangalore,26,308,315,36,6,95,156,1,High,69,365
2025-07-01,Tablet,Bangalore,69,263,205,52,9,83,161,1,High,63,247
2025-08-01,Tablet,Bangalore,63,280,306,42,10,103,196,1,High,131,278
2025-09-01,Tablet,Bangalore,131,191,155,41,5,63,94,1,Normal,136,106
2025-10-01,Tablet,Bangalore,136,291,244,23,10,112,209,1,Peak,112,251
2025-11-01,Tablet,Bangalore,112,336,206,75,3,119,152,1,Peak,57,269
2025-12-01,Tablet,Bangalore,57,309,294,79,5,111,162,1,Peak,121,310
2023-01-01,Tablet,Delhi,181,238,172,9,4,94,125,1,Low,124,154
2023-02-01,Tablet,Delhi,124,207,125,40,3,97,117,1,Low,82,156
2023-03-01,Tablet,Delhi,82,224,138,78,9,89,156,1,Normal,74,162
2023-04-01,Tablet,Delhi,74,243,204,0,10,73,154,1,Normal,35,242
2023-05-01,Tablet,Delhi,35,207,210,78,9,67,129,1,Normal,116,178
2023-06-01,Tablet,Delhi,116,258,278,75,9,87,164,1,High,211,159
2023-07-01,Tablet,Delhi,211,286,307,77,9,116,201,1,High,309,131
2023-08-01,Tablet,Delhi,309,252,254,36,6,116,166,0,High,347,29
2023-09-01,Tablet,Delhi,347,237,283,96,8,109,172,0,Normal,489,8
2023-10-01,Tablet,Delhi,489,267,178,40,6,119,172,0,Peak,440,12
2023-11-01,Tablet,Delhi,440,244,246,61,8,89,154,0,Peak,503,22
2023-12-01,Tablet,Delhi,503,270,309,65,10,107,197,0,Peak,607,21
2024-01-01,Tablet,Delhi,607,200,80,52,5,86,119,0,Low,539,28
2024-02-01,Tablet,Delhi,539,159,119,5,8,48,90,0,Low,504,29
2024-03-01,Tablet,Delhi,504,217,195,16,10,83,155,0,Normal,498,19
2024-04-01,Tablet,Delhi,498,181,152,55,6,55,91,0,Normal,524,3
2024-05-01,Tablet,Delhi,524,217,157,39,6,103,146,0,Normal,503,9
2024-06-01,Tablet,Delhi,503,265,290,89,5,110,154,0,High,617,14
2024-07-01,Tablet,Delhi,617,261,171,37,6,125,177,0,High,564,13
2024-08-01,Tablet,Delhi,564,224,178,71,4,75,104,0,High,589,29
2024-09-01,Tablet,Delhi,589,214,134,67,8,86,143,0,Normal,576,5
2024-10-01,Tablet,Delhi,576,240,129,75,3,90,114,0,Peak,540,7
2024-11-01,Tablet,Delhi,540,243,269,50,9,94,166,0,Peak,616,9
2024-12-01,Tablet,Delhi,616,252,123,39,6,117,167,0,Peak,526,10
2025-01-01,Tablet,Delhi,526,152,75,25,5,67,92,0,Low,474,16
2025-02-01,Tablet,Delhi,474,241,242,53,10,111,191,0,Low,528,11
2025-03-01,Tablet,Delhi,528,206,166,56,8,64,118,0,Normal,544,28
2025-04-01,Tablet,Delhi,544,221,209,42,3,71,93,0,Normal,574,4
2025-05-01,Tablet,Delhi,574,225,139,65,6,74,119,0,Normal,553,30
2025-06-01,Tablet,Delhi,553,251,305,46,10,101,184,0,High,653,19
2025-07-01,Tablet,Delhi,653,222,200,30,7,70,121,0,High,661,4
2025-08-01,Tablet,Delhi,661,292,284,72,9,97,184,0,High,725,25
2025-09-01,Tablet,Delhi,725,217,172,47,4,91,119,0,Normal,727,11
2025-10-01,Tablet,Delhi,727,313,319,99,5,152,204,0,Peak,832,18
2025-11-01,Tablet,Delhi,832,308,358,59,8,132,214,0,Peak,941,15
2025-12-01,Tablet,Delhi,941,294,330,72,7,134,202,0,Peak,1049,3
2023-01-01,Tablet,Mumbai,207,123,75,34,8,47,79,0,Low,193,0
2023-02-01,Tablet,Mumbai,193,157,83,49,10,56,108,0,Low,168,0
2023-03-01,Tablet,Mumbai,168,164,77,69,7,61,99,0,Normal,150,16
2023-04-01,Tablet,Mumbai,150,227,189,29,5,78,115,1,Normal,141,139
2023-05-01,Tablet,Mumbai,141,231,217,47,3,86,109,1,Normal,174,134
2023-06-01,Tablet,Mumbai,174,247,140,11,6,75,124,1,High,78,138
2023-07-01,Tablet,Mumbai,78,174,145,46,6,73,107,1,High,95,140
2023-08-01,Tablet,Mumbai,95,232,173,55,6,113,159,1,High,91,205
2023-09-01,Tablet,Mumbai,91,165,116,32,7,61,99,1,Normal,74,118
2023-10-01,Tablet,Mumbai,74,232,230,32,7,82,136,1,Peak,104,210
2023-11-01,Tablet,Mumbai,104,235,195,32,8,104,166,1,Peak,96,227
2023-12-01,Tablet,Mumbai,96,215,130,54,8,72,129,1,Peak,65,149
2024-01-01,Tablet,Mumbai,65,152,94,51,3,62,77,1,Low,58,98
2024-02-01,Tablet,Mumbai,58,166,148,35,6,51,84,1,Low,75,146
2024-03-01,Tablet,Mumbai,75,204,255,50,6,70,110,1,Normal,176,174
2024-04-01,Tablet,Mumbai,176,163,121,44,3,76,92,0,Normal,178,44
2024-05-01,Tablet,Mumbai,178,175,102,66,10,81,139,0,Normal,171,29
2024-06-01,Tablet,Mumbai,171,195,242,14,5,82,114,1,High,232,106
2024-07-01,Tablet,Mumbai,232,231,168,74,3,79,102,0,High,243,14
2024-08-01,Tablet,Mumbai,243,260,179,56,4,91,125,1,High,218,76
2024-09-01,Tablet,Mumbai,218,176,198,53,8,68,114,0,Normal,293,3
2024-10-01,Tablet,Mumbai,293,243,202,54,4,89,121,0,Peak,306,3
2024-11-01,Tablet,Mumbai,306,242,144,23,5,89,129,0,Peak,231,29
2024-12-01,Tablet,Mumbai,231,312,261,43,4,135,176,1,Peak,223,180
2025-01-01,Tablet,Mumbai,223,177,171,11,8,61,108,0,Low,228,5
2025-02-01,Tablet,Mumbai,228,163,66,22,9,61,109,0,Low,153,21
2025-03-01,Tablet,Mumbai,153,212,172,28,7,90,139,1,Normal,141,130
2025-04-01,Tablet,Mumbai,141,211,70,31,8,81,137,1,Normal,31,142
2025-05-01,Tablet,Mumbai,31,169,124,21,7,75,114,1,Normal,7,221
2025-06-01,Tablet,Mumbai,7,238,229,31,7,75,130,1,High,29,275
2025-07-01,Tablet,Mumbai,29,221,285,26,6,97,141,1,High,119,283
2025-08-01,Tablet,Mumbai,119,182,78,45,4,88,112,1,High,60,125
2025-09-01,Tablet,Mumbai,60,203,158,40,4,81,108,1,Normal,55,205
2025-10-01,Tablet,Mumbai,55,279,227,53,6,131,186,1,Peak,56,304
2025-11-01,Tablet,Mumbai,56,267,320,35,8,123,194,1,Peak,144,307
2025-12-01,Tablet,Mumbai,144,283,256,31,9,107,191,1,Peak,148,232
