Date,Laptop_Model,Location,Current_Inventory,Demand,Supply,Incoming_Supply,Supplier_Lead_Time,Supplier_Delay,Safety_Stock,Reorder_Level,Stockout_History,Orders,Late_Orders,Average_Order_Delay,Customer_Satisfaction,Future_Requirement,Required_Replenishment,Surplus_Inventory,Inventory_Status,Late_Order_Risk
2024-01-01,ASUS VivoBook 15,Bangalore,133,133,142,8,7,1,33,119,0,130,11,0.0,89.09,183,42,0,Shortage,Low
2024-02-01,ASUS VivoBook 15,Bangalore,150,156,137,44,7,2,39,140,0,163,29,0.89,87.28,194,0,0,Healthy,Medium
2024-03-01,ASUS VivoBook 15,Bangalore,175,139,133,21,8,3,34,124,0,137,35,1.16,80.42,186,0,10,Healthy,Medium
2024-04-01,ASUS VivoBook 15,Bangalore,190,170,158,32,3,2,42,152,0,150,21,2.13,83.18,231,9,0,Healthy,Low
2024-05-01,ASUS VivoBook 15,Bangalore,210,153,107,35,10,0,38,137,0,150,27,0.19,90.58,194,0,51,Surplus,Low
2024-06-01,ASUS VivoBook 15,Bangalore,199,198,194,16,7,3,49,177,0,197,53,5.71,61.17,239,24,0,Shortage,Medium
2024-07-01,ASUS VivoBook 15,Bangalore,211,227,199,12,8,1,56,203,1,210,75,2.9,61.96,305,82,0,Shortage,Medium
2024-08-01,ASUS VivoBook 15,Bangalore,195,202,182,55,6,1,50,181,0,218,31,0.0,86.08,268,18,0,Healthy,Low
2024-09-01,ASUS VivoBook 15,Bangalore,230,145,126,27,4,0,36,130,0,162,16,0.07,92.89,194,0,63,Surplus,Low
2024-10-01,ASUS VivoBook 15,Bangalore,238,246,184,38,8,1,61,220,0,267,46,0.0,89.99,310,34,0,Shortage,Low
2024-11-01,ASUS VivoBook 15,Bangalore,214,249,193,42,9,1,62,223,0,232,47,1.76,75.76,325,69,0,Shortage,Low
2024-12-01,ASUS VivoBook 15,Bangalore,200,225,228,47,5,0,56,202,0,205,14,1.58,85.69,278,31,0,Shortage,Low
2025-01-01,ASUS VivoBook 15,Bangalore,250,150,133,48,9,1,37,134,0,165,24,1.09,84.44,184,0,114,Surplus,Low
2025-02-01,ASUS VivoBook 15,Bangalore,281,125,119,0,5,1,31,112,0,118,19,0.29,91.15,153,0,128,Surplus,Low
2025-03-01,ASUS VivoBook 15,Bangalore,275,154,164,0,7,2,38,138,0,148,31,2.01,82.05,201,0,74,Surplus,Medium
2025-04-01,ASUS VivoBook 15,Bangalore,285,188,151,38,8,5,47,169,0,181,59,4.78,61.98,227,0,96,Surplus,Medium
2025-05-01,ASUS VivoBook 15,Bangalore,286,141,149,15,8,2,35,126,0,123,21,1.14,80.85,181,0,120,Surplus,Medium
2025-06-01,ASUS VivoBook 15,Bangalore,309,215,196,56,10,7,53,192,0,212,105,7.46,53.9,274,0,91,Surplus,High
2025-07-01,ASUS VivoBook 15,Bangalore,346,176,142,50,6,1,44,158,0,201,37,0.06,88.6,222,0,174,Surplus,Low
2025-08-01,ASUS VivoBook 15,Bangalore,362,216,217,1,6,5,54,194,0,233,82,4.79,61.52,267,0,96,Surplus,Medium
2025-09-01,ASUS VivoBook 15,Bangalore,364,140,130,29,8,0,35,126,0,135,18,0.0,91.6,183,0,210,Surplus,Low
2025-10-01,ASUS VivoBook 15,Bangalore,383,195,181,15,7,1,48,174,0,209,33,1.74,79.68,234,0,164,Surplus,Low
2025-11-01,ASUS VivoBook 15,Bangalore,384,190,146,26,9,0,47,170,0,194,25,0.69,85.15,253,0,157,Surplus,Low
2025-12-01,ASUS VivoBook 15,Bangalore,366,174,155,20,4,7,43,156,0,175,71,7.48,52.26,217,0,169,Surplus,Medium
2026-01-01,ASUS VivoBook 15,Bangalore,367,121,97,24,3,0,30,108,0,121,12,0.0,96.67,154,0,237,Surplus,Low
2026-02-01,ASUS VivoBook 15,Bangalore,367,146,136,27,3,0,36,130,0,148,5,0.0,89.21,203,0,191,Surplus,Low
2026-03-01,ASUS VivoBook 15,Bangalore,384,136,114,32,4,0,34,122,0,130,15,0.0,88.73,175,0,241,Surplus,Low
2026-04-01,ASUS VivoBook 15,Bangalore,394,153,165,6,3,0,38,137,0,140,8,0.0,88.14,211,0,189,Surplus,Low
2026-05-01,ASUS VivoBook 15,Bangalore,412,149,141,32,5,0,37,133,0,151,15,0.0,97.01,183,0,261,Surplus,Low
2026-06-01,ASUS VivoBook 15,Bangalore,436,165,182,20,9,0,41,148,0,184,24,1.39,84.6,222,0,234,Surplus,Low
2026-07-01,ASUS VivoBook 15,Bangalore,473,134,113,14,3,3,33,120,0,145,34,2.93,79.3,173,0,314,Surplus,Medium
2026-08-01,ASUS VivoBook 15,Bangalore,466,183,150,16,10,3,45,163,0,189,48,1.97,72.05,224,0,258,Surplus,Medium
2026-09-01,ASUS VivoBook 15,Bangalore,449,189,172,17,5,0,47,169,0,185,21,0.0,91.13,237,0,229,Surplus,Low
2026-10-01,ASUS VivoBook 15,Bangalore,449,202,160,23,4,3,50,181,0,198,41,2.07,75.12,255,0,217,Surplus,Medium
2026-11-01,ASUS VivoBook 15,Bangalore,430,219,248,7,3,3,54,196,0,208,36,2.88,72.79,263,0,174,Surplus,Medium
2026-12-01,ASUS VivoBook 15,Bangalore,466,180,205,4,9,0,45,162,0,182,27,0.08,84.7,237,0,233,Surplus,Low
2024-01-01,ASUS VivoBook 15,Delhi,123,143,125,5,7,0,35,127,1,127,38,1.88,64.44,182,54,0,Shortage,Medium
2024-02-01,ASUS VivoBook 15,Delhi,110,119,116,0,8,7,29,106,1,107,64,10.03,22.81,149,39,0,Shortage,High
2024-03-01,ASUS VivoBook 15,Delhi,107,142,135,1,10,3,35,127,1,138,67,4.55,47.35,190,82,0,Shortage,High
2024-04-01,ASUS VivoBook 15,Delhi,101,160,167,13,3,1,40,144,1,179,53,2.21,61.74,206,92,0,Shortage,Medium
2024-05-01,ASUS VivoBook 15,Delhi,121,153,123,28,9,3,38,137,1,144,71,6.08,45.3,191,42,0,Shortage,Medium
2024-06-01,ASUS VivoBook 15,Delhi,119,188,144,35,3,7,47,169,1,187,109,8.57,27.96,237,83,0,Shortage,High
2024-07-01,ASUS VivoBook 15,Delhi,110,151,143,29,10,0,37,135,1,150,38,1.78,64.13,190,51,0,Shortage,Medium
2024-08-01,ASUS VivoBook 15,Delhi,131,166,145,18,3,2,41,148,1,189,68,4.46,57.64,219,70,0,Shortage,Medium
2024-09-01,ASUS VivoBook 15,Delhi,128,162,106,29,7,2,40,145,1,158,52,4.27,47.96,207,50,0,Shortage,Medium
2024-10-01,ASUS VivoBook 15,Delhi,101,209,197,32,3,0,52,187,1,227,63,1.04,67.46,274,141,0,Shortage,Medium
2024-11-01,ASUS VivoBook 15,Delhi,121,181,163,33,6,0,45,162,1,209,60,1.09,69.76,229,75,0,Shortage,Medium
2024-12-01,ASUS VivoBook 15,Delhi,136,230,191,41,5,0,57,206,1,194,49,2.15,67.18,282,105,0,Shortage,Medium
2025-01-01,ASUS VivoBook 15,Delhi,138,127,133,0,4,2,31,113,0,120,19,1.96,81.81,154,16,0,Healthy,Low
2025-02-01,ASUS VivoBook 15,Delhi,144,152,139,0,5,5,38,136,1,147,71,7.33,40.32,196,52,0,Shortage,High
2025-03-01,ASUS VivoBook 15,Delhi,131,132,142,38,6,0,33,118,0,139,17,0.0,94.46,176,7,0,Healthy,Low
2025-04-01,ASUS VivoBook 15,Delhi,179,163,176,7,7,2,40,145,0,176,44,2.34,73.76,210,24,0,Shortage,Medium
2025-05-01,ASUS VivoBook 15,Delhi,199,117,109,4,9,2,29,105,0,117,22,3.42,79.99,141,0,62,Surplus,Medium
2025-06-01,ASUS VivoBook 15,Delhi,195,178,134,0,5,5,44,159,0,180,51,3.68,69.34,227,32,0,Shortage,Medium
2025-07-01,ASUS VivoBook 15,Delhi,151,185,184,15,6,1,46,166,1,182,59,1.84,69.56,250,84,0,Shortage,Medium
2025-08-01,ASUS VivoBook 15,Delhi,165,159,175,41,5,1,39,142,0,162,24,2.28,79.34,200,0,6,Healthy,Low
2025-09-01,ASUS VivoBook 15,Delhi,222,135,121,0,8,0,33,120,0,127,12,0.0,93.3,172,0,50,Healthy,Low
2025-10-01,ASUS VivoBook 15,Delhi,208,232,180,5,10,1,58,208,1,190,70,2.38,59.61,297,84,0,Shortage,Medium
2025-11-01,ASUS VivoBook 15,Delhi,161,199,140,7,4,1,49,178,1,193,54,5.6,53.58,253,85,0,Shortage,Medium
2025-12-01,ASUS VivoBook 15,Delhi,109,199,205,29,7,0,49,178,1,169,51,3.27,59.03,265,127,0,Shortage,Medium
2026-01-01,ASUS VivoBook 15,Delhi,144,157,113,26,9,5,39,141,0,175,61,6.31,58.13,214,44,0,Shortage,Medium
2026-02-01,ASUS VivoBook 15,Delhi,126,123,125,2,9,2,30,109,0,107,29,0.0,83.89,161,33,0,Shortage,Medium
2026-03-01,ASUS VivoBook 15,Delhi,130,159,169,8,9,7,39,142,1,153,101,8.72,28.6,204,66,0,Shortage,High
2026-04-01,ASUS VivoBook 15,Delhi,148,144,105,0,5,0,36,129,0,140,13,0.0,93.81,180,32,0,Shortage,Low
2026-05-01,ASUS VivoBook 15,Delhi,109,144,130,50,5,7,36,129,0,154,67,8.68,47.42,179,20,0,Healthy,Medium
2026-06-01,ASUS VivoBook 15,Delhi,145,134,124,21,9,1,33,120,0,127,25,2.24,78.47,166,0,0,Healthy,Low
2026-07-01,ASUS VivoBook 15,Delhi,156,148,123,42,9,1,37,133,0,170,32,3.52,76.14,203,5,0,Healthy,Low
2026-08-01,ASUS VivoBook 15,Delhi,173,155,156,30,3,5,38,138,0,168,45,6.16,56.2,190,0,13,Healthy,Medium
2026-09-01,ASUS VivoBook 15,Delhi,204,170,139,22,3,1,42,152,0,176,19,0.0,89.12,228,2,0,Healthy,Low
2026-10-01,ASUS VivoBook 15,Delhi,195,209,216,48,9,0,52,187,0,197,30,1.19,86.53,268,25,0,Shortage,Low
2026-11-01,ASUS VivoBook 15,Delhi,250,222,172,15,8,3,55,199,0,197,59,2.34,81.08,284,19,0,Healthy,Medium
2026-12-01,ASUS VivoBook 15,Delhi,215,223,210,33,5,0,55,199,0,236,25,1.37,92.04,287,39,0,Shortage,Low
2024-01-01,ASUS VivoBook 15,Mumbai,81,127,102,0,6,7,31,113,1,146,89,10.29,20.0,154,73,0,Shortage,High
2024-02-01,ASUS VivoBook 15,Mumbai,56,132,146,0,7,2,33,118,1,134,61,3.94,50.04,170,114,0,Shortage,High
2024-03-01,ASUS VivoBook 15,Mumbai,70,140,151,9,8,0,35,126,1,157,49,0.0,68.36,173,94,0,Shortage,Medium
2024-04-01,ASUS VivoBook 15,Mumbai,90,119,116,0,4,0,29,106,1,118,28,0.93,69.39,159,69,0,Shortage,Medium
2024-05-01,ASUS VivoBook 15,Mumbai,87,148,172,28,7,0,37,133,1,132,35,0.0,74.72,185,70,0,Shortage,Medium
2024-06-01,ASUS VivoBook 15,Mumbai,139,169,163,22,3,3,42,151,1,180,68,4.02,51.21,208,47,0,Shortage,Medium
2024-07-01,ASUS VivoBook 15,Mumbai,155,186,198,15,4,0,46,166,1,191,43,3.48,55.71,249,79,0,Shortage,Medium
2024-08-01,ASUS VivoBook 15,Mumbai,182,166,144,58,7,3,41,148,0,146,36,2.67,76.72,220,0,20,Healthy,Medium
2024-09-01,ASUS VivoBook 15,Mumbai,218,127,109,0,7,0,31,113,0,116,8,2.41,81.58,174,0,44,Healthy,Low
2024-10-01,ASUS VivoBook 15,Mumbai,200,179,176,18,10,2,44,160,0,184,41,2.64,80.75,242,24,0,Shortage,Medium
2024-11-01,ASUS VivoBook 15,Mumbai,215,175,128,9,4,0,43,156,0,160,13,0.01,91.3,231,7,0,Healthy,Low
2024-12-01,ASUS VivoBook 15,Mumbai,177,185,180,15,6,5,46,166,0,190,69,4.97,61.19,257,65,0,Shortage,Medium
2025-01-01,ASUS VivoBook 15,Mumbai,187,117,100,48,6,2,29,105,0,108,26,1.16,86.04,161,0,74,Surplus,Low
2025-02-01,ASUS VivoBook 15,Mumbai,218,115,116,15,9,1,28,102,0,135,23,1.45,83.57,140,0,93,Surplus,Low
2025-03-01,ASUS VivoBook 15,Mumbai,234,154,116,12,8,7,38,138,0,162,67,8.52,49.66,208,0,38,Healthy,Medium
2025-04-01,ASUS VivoBook 15,Mumbai,208,112,115,26,9,2,28,100,0,111,22,2.21,81.69,142,0,92,Surplus,Medium
2025-05-01,ASUS VivoBook 15,Mumbai,237,144,116,38,3,0,36,129,0,142,15,0.0,94.41,201,0,74,Surplus,Low
2025-06-01,ASUS VivoBook 15,Mumbai,247,181,158,28,7,1,45,162,0,189,25,2.28,84.46,221,0,54,Surplus,Low
2025-07-01,ASUS VivoBook 15,Mumbai,252,132,106,14,9,5,33,118,0,133,49,4.56,62.73,159,0,107,Surplus,Medium
2025-08-01,ASUS VivoBook 15,Mumbai,240,139,125,14,10,1,34,124,0,137,28,0.0,82.67,184,0,70,Surplus,Low
2025-09-01,ASUS VivoBook 15,Mumbai,240,124,121,4,10,5,31,111,0,127,40,6.46,58.22,155,0,89,Surplus,Medium
2025-10-01,ASUS VivoBook 15,Mumbai,241,193,164,14,7,5,48,173,0,190,73,5.57,62.62,239,0,16,Healthy,Medium
2025-11-01,ASUS VivoBook 15,Mumbai,226,178,155,2,3,0,44,159,0,193,9,1.04,91.25,221,0,7,Healthy,Low
2025-12-01,ASUS VivoBook 15,Mumbai,205,191,155,46,6,7,47,171,0,184,80,8.37,46.68,241,0,10,Healthy,Medium
2026-01-01,ASUS VivoBook 15,Mumbai,215,118,128,21,5,3,29,105,0,100,27,2.71,78.75,147,0,89,Surplus,Medium
2026-02-01,ASUS VivoBook 15,Mumbai,246,115,113,21,4,0,28,102,0,109,12,0.0,89.73,145,0,122,Surplus,Low
2026-03-01,ASUS VivoBook 15,Mumbai,265,106,102,16,5,1,26,94,0,105,17,2.47,80.54,143,0,138,Surplus,Low
2026-04-01,ASUS VivoBook 15,Mumbai,277,155,122,4,4,0,38,138,0,148,9,0.0,92.97,209,0,72,Surplus,Low
2026-05-01,ASUS VivoBook 15,Mumbai,248,142,121,15,7,0,35,127,0,127,11,0.0,82.49,190,0,73,Surplus,Low
2026-06-01,ASUS VivoBook 15,Mumbai,242,142,125,14,6,5,35,127,0,144,51,6.12,52.08,177,0,79,Surplus,Medium
2026-07-01,ASUS VivoBook 15,Mumbai,239,157,126,38,4,0,39,141,0,154,12,0.0,93.03,208,0,69,Surplus,Low
2026-08-01,ASUS VivoBook 15,Mumbai,246,171,146,13,8,1,42,153,0,169,28,0.52,87.56,210,0,49,Healthy,Low
2026-09-01,ASUS VivoBook 15,Mumbai,234,134,124,24,8,1,33,120,0,147,25,3.0,77.46,177,0,81,Surplus,Low
2026-10-01,ASUS VivoBook 15,Mumbai,248,186,189,0,5,0,46,166,0,169,15,0.36,86.92,246,0,2,Healthy,Low
2026-11-01,ASUS VivoBook 15,Mumbai,251,166,174,21,3,1,41,148,0,168,27,1.91,90.69,217,0,55,Surplus,Low
2026-12-01,ASUS VivoBook 15,Mumbai,280,192,197,12,10,1,48,172,0,199,42,0.0,91.47,234,0,58,Surplus,Low
2024-01-01,Acer Aspire 5,Bangalore,126,153,156,30,5,2,38,137,0,152,31,0.31,86.47,183,27,0,Shortage,Low
2024-02-01,Acer Aspire 5,Bangalore,159,170,172,11,4,0,42,152,0,172,15,3.11,82.98,231,61,0,Shortage,Low
2024-03-01,Acer Aspire 5,Bangalore,172,145,123,10,4,3,36,130,0,192,48,2.73,75.19,176,0,6,Healthy,Medium
2024-04-01,Acer Aspire 5,Bangalore,160,154,158,2,4,0,38,138,0,133,11,0.0,89.11,185,23,0,Shortage,Low
2024-05-01,Acer Aspire 5,Bangalore,166,176,146,68,3,0,44,158,0,187,17,0.0,87.2,211,0,23,Healthy,Low
2024-06-01,Acer Aspire 5,Bangalore,204,159,167,10,9,2,39,142,0,175,52,1.49,77.49,208,0,6,Healthy,Medium
2024-07-01,Acer Aspire 5,Bangalore,222,177,182,49,5,1,44,159,0,162,20,1.0,91.32,219,0,52,Surplus,Low
2024-08-01,Acer Aspire 5,Bangalore,276,145,126,10,7,3,36,130,0,147,38,2.94,73.54,187,0,99,Surplus,Medium
2024-09-01,Acer Aspire 5,Bangalore,267,193,196,60,7,2,48,173,0,151,26,2.87,75.29,238,0,89,Surplus,Medium
2024-10-01,Acer Aspire 5,Bangalore,330,204,196,69,9,0,51,183,0,223,33,0.0,91.32,271,0,128,Surplus,Low
2024-11-01,Acer Aspire 5,Bangalore,391,205,217,3,5,0,51,184,0,170,12,0.0,91.83,251,0,143,Surplus,Low
2024-12-01,Acer Aspire 5,Bangalore,406,225,181,45,4,7,56,202,0,217,95,5.87,60.75,309,0,142,Surplus,Medium
2025-01-01,Acer Aspire 5,Bangalore,407,133,144,19,5,2,33,119,0,120,14,3.48,69.5,172,0,254,Surplus,Low
2025-02-01,Acer Aspire 5,Bangalore,437,167,149,22,7,0,41,149,0,170,22,0.1,89.41,218,0,241,Surplus,Low
2025-03-01,Acer Aspire 5,Bangalore,441,209,205,65,3,1,52,187,0,198,26,0.57,90.04,263,0,243,Surplus,Low
2025-04-01,Acer Aspire 5,Bangalore,502,152,142,30,6,1,38,136,0,141,18,0.0,88.63,187,0,345,Surplus,Low
2025-05-01,Acer Aspire 5,Bangalore,522,167,126,28,9,2,41,149,0,173,37,2.5,75.25,228,0,322,Surplus,Medium
2025-06-01,Acer Aspire 5,Bangalore,509,130,87,17,3,1,32,116,0,134,16,0.78,82.9,157,0,369,Surplus,Low
2025-07-01,Acer Aspire 5,Bangalore,483,215,163,10,5,2,53,192,0,215,40,2.64,75.12,296,0,197,Surplus,Low
2025-08-01,Acer Aspire 5,Bangalore,441,185,174,52,9,2,46,166,0,190,41,3.81,70.04,232,0,261,Surplus,Medium
2025-09-01,Acer Aspire 5,Bangalore,482,153,106,16,10,1,38,137,0,162,39,1.13,84.42,200,0,298,Surplus,Low
2025-10-01,Acer Aspire 5,Bangalore,451,189,172,40,8,1,47,169,0,183,33,1.89,80.65,241,0,250,Surplus,Low
2025-11-01,Acer Aspire 5,Bangalore,474,200,220,16,4,5,50,180,0,186,53,6.56,56.26,263,0,227,Surplus,Medium
2025-12-01,Acer Aspire 5,Bangalore,510,168,152,20,9,7,42,151,0,181,84,4.92,59.87,227,0,303,Surplus,High
2026-01-01,Acer Aspire 5,Bangalore,514,140,120,1,4,7,35,126,0,161,61,10.04,40.65,176,0,339,Surplus,Medium
2026-02-01,Acer Aspire 5,Bangalore,495,140,123,0,5,0,35,126,0,130,18,0.97,85.93,187,0,308,Surplus,Low
2026-03-01,Acer Aspire 5,Bangalore,478,155,128,14,5,0,38,138,0,136,13,1.5,87.83,209,0,283,Surplus,Low
2026-04-01,Acer Aspire 5,Bangalore,465,167,196,12,6,0,41,149,0,200,12,0.0,87.0,220,0,257,Surplus,Low
2026-05-01,Acer Aspire 5,Bangalore,506,151,146,13,9,0,37,135,0,149,18,0.0,83.71,201,0,318,Surplus,Low
2026-06-01,Acer Aspire 5,Bangalore,514,165,168,9,9,0,41,148,0,173,24,0.71,89.18,200,0,323,Surplus,Low
2026-07-01,Acer Aspire 5,Bangalore,526,162,150,25,10,5,40,145,0,174,65,5.89,62.27,218,0,333,Surplus,Medium
2026-08-01,Acer Aspire 5,Bangalore,539,181,163,14,9,0,45,162,0,196,28,0.96,82.65,247,0,306,Surplus,Low
2026-09-01,Acer Aspire 5,Bangalore,535,152,156,19,5,2,38,136,0,157,30,0.62,88.23,192,0,362,Surplus,Low
2026-10-01,Acer Aspire 5,Bangalore,558,220,222,24,3,1,55,198,0,220,29,0.4,88.76,297,0,285,Surplus,Low
2026-11-01,Acer Aspire 5,Bangalore,584,181,140,3,3,1,45,162,0,189,17,0.0,94.6,246,0,341,Surplus,Low
2026-12-01,Acer Aspire 5,Bangalore,546,208,229,34,3,0,52,187,0,211,14,1.19,88.18,260,0,320,Surplus,Low
2024-01-01,Acer Aspire 5,Delhi,116,121,120,15,7,7,30,108,0,114,51,7.39,49.74,166,35,0,Shortage,Medium
2024-02-01,Acer Aspire 5,Delhi,130,134,135,5,7,0,33,120,0,135,15,0.0,91.04,164,29,0,Shortage,Low
2024-03-01,Acer Aspire 5,Delhi,136,130,114,5,7,1,32,116,0,145,22,1.63,86.4,162,21,0,Shortage,Low
2024-04-01,Acer Aspire 5,Delhi,125,143,137,17,8,0,35,127,1,149,41,3.31,63.06,171,29,0,Shortage,Medium
2024-05-01,Acer Aspire 5,Delhi,136,173,204,19,6,0,43,155,1,170,51,0.99,70.81,210,55,0,Shortage,Medium
2024-06-01,Acer Aspire 5,Delhi,186,159,151,5,9,1,39,142,0,134,25,1.43,86.81,214,23,0,Shortage,Low
2024-07-01,Acer Aspire 5,Delhi,183,173,146,6,3,0,43,155,0,183,10,0.07,88.1,212,23,0,Shortage,Low
2024-08-01,Acer Aspire 5,Delhi,162,171,182,24,3,2,42,153,0,185,23,0.0,86.52,229,43,0,Shortage,Low
2024-09-01,Acer Aspire 5,Delhi,197,133,129,26,9,2,33,119,0,163,26,1.35,79.15,177,0,46,Healthy,Medium
2024-10-01,Acer Aspire 5,Delhi,219,175,150,0,9,0,43,156,0,157,22,0.0,88.26,220,1,0,Healthy,Low
2024-11-01,Acer Aspire 5,Delhi,194,153,100,11,8,2,38,137,0,169,32,2.4,77.62,183,0,22,Healthy,Medium
2024-12-01,Acer Aspire 5,Delhi,152,166,120,17,9,0,41,148,0,182,21,0.0,86.66,205,36,0,Shortage,Low
2025-01-01,Acer Aspire 5,Delhi,123,138,161,2,6,0,34,123,1,148,43,0.63,71.26,186,61,0,Shortage,Medium
2025-02-01,Acer Aspire 5,Delhi,148,104,68,0,7,0,26,93,0,96,14,0.12,90.65,135,0,13,Healthy,Low
2025-03-01,Acer Aspire 5,Delhi,112,163,127,8,10,0,40,145,1,172,47,3.37,64.77,200,80,0,Shortage,Medium
2025-04-01,Acer Aspire 5,Delhi,84,101,80,10,8,2,25,90,1,86,30,3.94,49.41,127,33,0,Shortage,Medium
2025-05-01,Acer Aspire 5,Delhi,73,124,104,13,10,2,31,111,1,117,55,3.4,51.04,162,76,0,Shortage,High
2025-06-01,Acer Aspire 5,Delhi,66,126,128,18,10,3,31,112,1,117,55,5.12,43.97,171,87,0,Shortage,High
2025-07-01,Acer Aspire 5,Delhi,86,151,122,11,9,0,37,135,1,131,51,1.57,72.02,210,113,0,Shortage,Medium
2025-08-01,Acer Aspire 5,Delhi,68,192,181,40,10,0,48,172,1,197,72,1.27,63.08,262,154,0,Shortage,Medium
2025-09-01,Acer Aspire 5,Delhi,97,128,94,14,9,3,32,115,1,132,43,3.35,46.78,166,55,0,Shortage,Medium
2025-10-01,Acer Aspire 5,Delhi,77,192,205,43,5,0,48,172,1,206,57,3.6,61.42,262,142,0,Shortage,Medium
2025-11-01,Acer Aspire 5,Delhi,133,189,152,32,9,3,47,169,1,211,96,6.44,42.73,234,69,0,Shortage,Medium
2025-12-01,Acer Aspire 5,Delhi,128,179,187,0,8,5,44,160,1,193,119,6.58,30.45,232,104,0,Shortage,High
2026-01-01,Acer Aspire 5,Delhi,136,146,113,12,7,2,36,130,0,144,33,1.99,80.79,184,36,0,Shortage,Medium
2026-02-01,Acer Aspire 5,Delhi,115,131,128,31,4,0,32,117,0,128,9,0.0,92.68,179,33,0,Shortage,Low
2026-03-01,Acer Aspire 5,Delhi,143,149,147,42,6,1,37,133,0,164,26,2.33,82.72,194,9,0,Healthy,Low
2026-04-01,Acer Aspire 5,Delhi,183,150,143,19,7,0,37,134,0,142,9,0.11,88.6,204,2,0,Healthy,Low
2026-05-01,Acer Aspire 5,Delhi,195,130,133,0,3,0,32,116,0,125,11,0.81,90.13,177,0,18,Healthy,Low
2026-06-01,Acer Aspire 5,Delhi,198,133,136,27,4,0,33,119,0,137,13,0.39,94.3,184,0,41,Healthy,Low
2026-07-01,Acer Aspire 5,Delhi,228,177,172,31,4,2,44,159,0,191,30,2.76,75.89,229,0,30,Healthy,Low
2026-08-01,Acer Aspire 5,Delhi,254,141,139,22,10,1,35,126,0,134,33,1.47,79.28,183,0,93,Surplus,Low
2026-09-01,Acer Aspire 5,Delhi,274,130,111,15,3,1,32,116,0,143,23,0.0,89.94,179,0,110,Surplus,Low
2026-10-01,Acer Aspire 5,Delhi,270,177,166,20,10,2,44,159,0,183,46,1.29,78.47,245,0,45,Healthy,Medium
2026-11-01,Acer Aspire 5,Delhi,279,178,142,0,3,0,44,159,0,146,14,0.0,92.69,239,0,40,Healthy,Low
2026-12-01,Acer Aspire 5,Delhi,243,168,142,53,10,2,42,151,0,173,39,2.2,80.48,224,0,72,Surplus,Medium
2024-01-01,Acer Aspire 5,Mumbai,132,88,70,17,4,2,22,79,0,83,17,1.74,84.17,107,0,42,Healthy,Low
2024-02-01,Acer Aspire 5,Mumbai,131,99,113,3,9,0,24,88,0,100,20,0.0,96.9,126,0,8,Healthy,Low
2024-03-01,Acer Aspire 5,Mumbai,148,120,118,2,7,2,30,108,0,128,18,3.74,68.4,161,11,0,Healthy,Medium
2024-04-01,Acer Aspire 5,Mumbai,148,130,113,26,10,5,32,116,0,131,42,4.82,60.14,160,0,14,Healthy,Medium
2024-05-01,Acer Aspire 5,Mumbai,157,109,109,8,10,1,27,97,0,111,30,0.39,83.92,151,0,14,Healthy,Low
2024-06-01,Acer Aspire 5,Mumbai,165,133,113,10,5,0,33,119,0,130,12,2.23,83.08,169,0,6,Healthy,Low
2024-07-01,Acer Aspire 5,Mumbai,155,145,116,17,9,2,36,130,0,154,41,3.64,68.14,198,26,0,Shortage,Medium
2024-08-01,Acer Aspire 5,Mumbai,143,135,112,17,9,0,33,120,0,131,17,1.05,85.08,184,24,0,Shortage,Low
2024-09-01,Acer Aspire 5,Mumbai,137,134,135,1,5,2,33,120,0,131,15,1.59,83.54,162,24,0,Shortage,Low
2024-10-01,Acer Aspire 5,Mumbai,139,177,143,32,6,2,44,159,1,164,63,4.4,53.81,235,64,0,Shortage,Medium
2024-11-01,Acer Aspire 5,Mumbai,137,144,165,17,5,1,36,129,0,142,19,0.0,92.34,193,39,0,Shortage,Low
2024-12-01,Acer Aspire 5,Mumbai,175,170,180,7,6,1,42,152,0,168,27,0.22,88.92,223,41,0,Shortage,Low
2025-01-01,Acer Aspire 5,Mumbai,192,109,100,13,4,1,27,97,0,110,15,3.1,76.85,141,0,64,Surplus,Low
2025-02-01,Acer Aspire 5,Mumbai,196,110,134,5,4,0,27,98,0,102,8,0.89,88.38,149,0,52,Surplus,Low
2025-03-01,Acer Aspire 5,Mumbai,225,137,129,19,10,1,34,123,0,128,29,0.32,85.34,176,0,68,Surplus,Low
2025-04-01,Acer Aspire 5,Mumbai,236,136,121,12,5,5,34,122,0,125,28,6.7,59.45,163,0,85,Surplus,Medium
2025-05-01,Acer Aspire 5,Mumbai,233,99,82,20,6,2,24,88,0,91,20,3.03,76.67,133,0,120,Surplus,Low
2025-06-01,Acer Aspire 5,Mumbai,236,134,112,18,7,1,33,120,0,117,23,1.48,86.35,186,0,68,Surplus,Low
2025-07-01,Acer Aspire 5,Mumbai,232,135,133,0,3,7,33,120,0,121,49,7.61,54.65,161,0,71,Surplus,Medium
2025-08-01,Acer Aspire 5,Mumbai,230,140,119,3,4,5,35,126,0,143,54,4.34,66.77,171,0,62,Surplus,Medium
2025-09-01,Acer Aspire 5,Mumbai,212,129,108,7,5,0,32,115,0,135,17,0.1,91.1,175,0,44,Healthy,Low
2025-10-01,Acer Aspire 5,Mumbai,198,210,220,25,8,1,52,188,0,215,38,0.0,91.99,272,49,0,Shortage,Low
2025-11-01,Acer Aspire 5,Mumbai,233,180,176,50,6,2,45,162,0,180,34,2.16,79.04,233,0,50,Healthy,Low
2025-12-01,Acer Aspire 5,Mumbai,279,142,135,23,5,2,35,127,0,158,21,2.35,76.33,177,0,125,Surplus,Low
2026-01-01,Acer Aspire 5,Mumbai,295,121,115,4,10,1,30,108,0,121,29,0.72,83.93,155,0,144,Surplus,Low
2026-02-01,Acer Aspire 5,Mumbai,293,106,100,15,7,7,26,94,0,111,52,7.85,50.13,128,0,180,Surplus,Medium
2026-03-01,Acer Aspire 5,Mumbai,302,106,73,0,7,0,26,94,0,103,15,0.02,87.81,141,0,161,Surplus,Low
2026-04-01,Acer Aspire 5,Mumbai,269,135,123,34,8,1,33,120,0,139,28,0.47,86.46,170,0,133,Surplus,Low
2026-05-01,Acer Aspire 5,Mumbai,291,158,168,0,10,1,39,141,0,163,32,0.86,85.38,214,0,77,Surplus,Low
2026-06-01,Acer Aspire 5,Mumbai,301,136,103,26,9,0,34,122,0,140,14,1.24,81.43,171,0,156,Surplus,Low
2026-07-01,Acer Aspire 5,Mumbai,294,118,94,32,10,0,29,105,0,115,20,0.0,88.61,145,0,181,Surplus,Low
2026-08-01,Acer Aspire 5,Mumbai,302,127,133,17,3,7,31,113,0,135,49,5.43,58.65,163,0,156,Surplus,Medium
2026-09-01,Acer Aspire 5,Mumbai,325,111,88,20,8,1,27,99,0,109,17,2.21,83.83,144,0,201,Surplus,Low
2026-10-01,Acer Aspire 5,Mumbai,322,156,144,35,7,0,39,140,0,151,19,0.0,91.84,214,0,143,Surplus,Low
2026-11-01,Acer Aspire 5,Mumbai,345,198,202,7,7,3,49,177,0,199,49,3.22,74.93,237,0,115,Surplus,Medium
2026-12-01,Acer Aspire 5,Mumbai,356,160,172,10,10,7,40,144,0,164,79,7.62,45.07,216,0,150,Surplus,High
2024-01-01,Dell Inspiron 15,Bangalore,156,198,210,8,3,2,49,177,1,188,59,5.16,50.96,257,93,0,Shortage,Medium
2024-02-01,Dell Inspiron 15,Bangalore,176,214,206,40,5,0,53,192,0,221,20,0.0,93.46,291,75,0,Shortage,Low
2024-03-01,Dell Inspiron 15,Bangalore,208,212,185,40,9,2,53,190,0,219,39,2.63,77.1,259,11,0,Healthy,Medium
2024-04-01,Dell Inspiron 15,Bangalore,221,162,169,0,9,1,40,145,0,169,26,2.17,79.66,214,0,7,Healthy,Low
2024-05-01,Dell Inspiron 15,Bangalore,228,190,203,39,5,1,47,170,0,206,25,0.0,95.58,242,0,25,Healthy,Low
2024-06-01,Dell Inspiron 15,Bangalore,280,246,257,34,8,5,61,220,0,226,90,6.94,59.42,308,0,6,Healthy,Medium
2024-07-01,Dell Inspiron 15,Bangalore,325,191,185,49,7,3,47,171,0,183,46,2.73,78.75,244,0,130,Surplus,Medium
2024-08-01,Dell Inspiron 15,Bangalore,368,223,214,73,10,2,55,199,0,217,57,1.31,81.57,308,0,133,Surplus,Medium
2024-09-01,Dell Inspiron 15,Bangalore,432,258,231,0,4,2,64,231,0,250,47,0.87,92.26,327,0,105,Surplus,Low
2024-10-01,Dell Inspiron 15,Bangalore,405,287,240,32,3,0,71,257,0,301,23,0.46,92.4,354,0,83,Surplus,Low
2024-11-01,Dell Inspiron 15,Bangalore,390,274,284,70,8,2,68,246,0,296,64,0.5,93.05,331,0,129,Surplus,Medium
2024-12-01,Dell Inspiron 15,Bangalore,470,234,202,27,9,0,58,210,0,246,23,0.0,91.52,320,0,177,Surplus,Low
2025-01-01,Dell Inspiron 15,Bangalore,465,155,164,39,9,1,38,138,0,158,32,1.17,88.89,201,0,303,Surplus,Low
2025-02-01,Dell Inspiron 15,Bangalore,513,199,176,25,4,0,49,178,0,215,22,0.0,96.24,275,0,263,Surplus,Low
2025-03-01,Dell Inspiron 15,Bangalore,515,252,218,9,10,0,63,226,0,247,34,0.94,84.51,319,0,205,Surplus,Low
2025-04-01,Dell Inspiron 15,Bangalore,490,213,235,24,10,0,53,191,0,216,37,0.0,87.15,271,0,243,Surplus,Low
2025-05-01,Dell Inspiron 15,Bangalore,536,252,209,26,3,3,63,226,0,238,47,2.5,77.32,344,0,218,Surplus,Medium
2025-06-01,Dell Inspiron 15,Bangalore,519,231,243,19,9,5,57,207,0,209,85,5.24,56.56,311,0,227,Surplus,Medium
2025-07-01,Dell Inspiron 15,Bangalore,550,258,290,0,4,1,64,231,0,243,26,0.92,86.18,333,0,217,Surplus,Low
2025-08-01,Dell Inspiron 15,Bangalore,582,221,207,0,4,1,55,198,0,208,27,0.38,89.57,296,0,286,Surplus,Low
2025-09-01,Dell Inspiron 15,Bangalore,568,197,207,26,10,1,49,177,0,210,28,0.68,84.51,262,0,332,Surplus,Low
2025-10-01,Dell Inspiron 15,Bangalore,604,221,181,57,7,2,55,198,0,232,39,1.56,78.89,271,0,390,Surplus,Medium
2025-11-01,Dell Inspiron 15,Bangalore,621,236,228,9,6,2,59,212,0,252,49,0.81,85.26,292,0,338,Surplus,Low
2025-12-01,Dell Inspiron 15,Bangalore,622,250,233,43,5,3,62,224,0,250,50,2.46,77.58,316,0,349,Surplus,Medium
2026-01-01,Dell Inspiron 15,Bangalore,648,201,158,10,8,2,50,180,0,200,34,1.3,87.77,243,0,415,Surplus,Medium
2026-02-01,Dell Inspiron 15,Bangalore,615,201,224,55,6,0,50,180,0,199,21,0.0,84.62,268,0,402,Surplus,Low
2026-03-01,Dell Inspiron 15,Bangalore,693,208,176,34,7,0,52,187,0,217,21,0.0,89.12,259,0,468,Surplus,Low
2026-04-01,Dell Inspiron 15,Bangalore,695,225,179,28,4,0,56,202,0,220,23,0.61,89.48,286,0,437,Surplus,Low
2026-05-01,Dell Inspiron 15,Bangalore,677,204,180,57,7,0,51,183,0,163,23,0.62,87.57,245,0,489,Surplus,Low
2026-06-01,Dell Inspiron 15,Bangalore,710,260,283,30,6,1,65,234,0,230,43,0.67,86.87,315,0,425,Surplus,Low
2026-07-01,Dell Inspiron 15,Bangalore,763,213,176,44,8,7,53,191,0,234,120,8.13,49.3,287,0,520,Surplus,Medium
2026-08-01,Dell Inspiron 15,Bangalore,770,209,191,36,8,2,52,187,0,238,55,1.7,78.39,250,0,556,Surplus,Medium
2026-09-01,Dell Inspiron 15,Bangalore,788,174,152,36,9,0,43,156,0,181,28,0.25,91.66,209,0,615,Surplus,Low
2026-10-01,Dell Inspiron 15,Bangalore,802,302,330,48,3,2,75,271,0,318,51,3.58,75.5,410,0,440,Surplus,Low
2026-11-01,Dell Inspiron 15,Bangalore,878,321,265,92,3,0,80,288,0,309,25,2.84,79.77,423,0,547,Surplus,Low
2026-12-01,Dell Inspiron 15,Bangalore,914,246,164,44,7,0,61,220,0,268,29,0.05,90.98,319,0,639,Surplus,Low
2024-01-01,Dell Inspiron 15,Delhi,111,140,132,0,5,0,35,126,1,134,38,2.28,64.42,172,61,0,Shortage,Medium
2024-02-01,Dell Inspiron 15,Delhi,103,190,207,38,7,1,47,170,1,166,63,4.76,50.68,232,91,0,Shortage,Medium
2024-03-01,Dell Inspiron 15,Delhi,158,181,133,29,10,1,45,162,0,193,30,0.0,91.39,233,46,0,Shortage,Low
2024-04-01,Dell Inspiron 15,Delhi,139,196,152,39,6,1,49,176,1,176,49,3.26,61.72,247,69,0,Shortage,Medium
2024-05-01,Dell Inspiron 15,Delhi,134,158,113,26,4,1,39,141,0,159,18,0.0,88.88,208,48,0,Shortage,Low
2024-06-01,Dell Inspiron 15,Delhi,115,196,171,43,3,0,49,176,1,210,51,0.19,76.63,265,107,0,Shortage,Medium
2024-07-01,Dell Inspiron 15,Delhi,133,193,166,0,10,2,48,173,1,202,87,4.56,51.16,253,120,0,Shortage,High
2024-08-01,Dell Inspiron 15,Delhi,106,179,144,14,5,1,44,160,1,178,56,3.11,52.22,217,97,0,Shortage,Medium
2024-09-01,Dell Inspiron 15,Delhi,85,175,166,49,7,1,43,156,1,186,62,2.87,56.24,240,106,0,Shortage,Medium
2024-10-01,Dell Inspiron 15,Delhi,125,222,164,11,8,1,55,199,1,216,86,0.0,70.01,276,140,0,Shortage,Medium
2024-11-01,Dell Inspiron 15,Delhi,78,222,194,15,6,0,55,199,1,211,88,0.98,63.43,290,197,0,Shortage,Medium
2024-12-01,Dell Inspiron 15,Delhi,65,264,272,34,7,0,66,237,1,254,98,1.77,62.9,343,244,0,Shortage,Medium
2025-01-01,Dell Inspiron 15,Delhi,107,161,123,7,10,2,40,144,1,163,69,4.43,49.56,204,90,0,Shortage,Medium
2025-02-01,Dell Inspiron 15,Delhi,76,185,159,3,10,3,46,166,1,176,104,5.78,36.73,223,144,0,Shortage,High
2025-03-01,Dell Inspiron 15,Delhi,53,191,152,32,10,1,47,171,1,205,93,1.77,61.99,256,171,0,Shortage,High
2025-04-01,Dell Inspiron 15,Delhi,46,143,132,0,3,0,35,127,1,156,46,1.18,66.22,180,134,0,Shortage,Medium
2025-05-01,Dell Inspiron 15,Delhi,35,186,153,19,7,0,46,166,1,157,60,1.44,59.3,239,185,0,Shortage,Medium
2025-06-01,Dell Inspiron 15,Delhi,21,218,223,20,10,2,54,195,1,204,121,5.05,42.29,272,231,0,Shortage,High
2025-07-01,Dell Inspiron 15,Delhi,46,226,220,46,8,2,56,202,1,233,119,3.99,50.36,281,189,0,Shortage,High
2025-08-01,Dell Inspiron 15,Delhi,86,212,184,22,6,0,53,190,1,224,93,0.98,62.07,295,187,0,Shortage,Medium
2025-09-01,Dell Inspiron 15,Delhi,80,170,172,39,10,1,42,152,1,165,66,1.62,66.56,235,116,0,Shortage,Medium
2025-10-01,Dell Inspiron 15,Delhi,121,209,164,47,4,3,52,187,1,226,87,5.37,48.19,265,97,0,Shortage,Medium
2025-11-01,Dell Inspiron 15,Delhi,123,234,237,15,3,2,58,210,1,231,84,6.27,42.08,321,183,0,Shortage,Medium
2025-12-01,Dell Inspiron 15,Delhi,141,208,177,16,8,0,52,187,1,209,76,2.08,60.14,251,94,0,Shortage,Medium
2026-01-01,Dell Inspiron 15,Delhi,126,148,146,11,7,1,37,133,1,153,51,1.43,60.17,189,52,0,Shortage,Medium
2026-02-01,Dell Inspiron 15,Delhi,135,145,146,24,4,7,36,130,0,155,64,7.38,46.52,185,26,0,Shortage,Medium
2026-03-01,Dell Inspiron 15,Delhi,160,200,212,66,7,2,50,180,0,203,46,0.58,86.0,257,31,0,Shortage,Medium
2026-04-01,Dell Inspiron 15,Delhi,238,172,139,16,6,0,43,154,0,197,21,0.0,90.9,209,0,45,Healthy,Low
2026-05-01,Dell Inspiron 15,Delhi,221,136,102,11,4,7,34,122,0,141,68,8.41,48.83,163,0,69,Surplus,Medium
2026-06-01,Dell Inspiron 15,Delhi,198,215,242,40,3,1,53,192,0,216,34,0.42,89.76,273,35,0,Shortage,Low
2026-07-01,Dell Inspiron 15,Delhi,265,219,187,25,4,0,54,196,0,188,14,0.54,89.61,292,2,0,Healthy,Low
2026-08-01,Dell Inspiron 15,Delhi,258,145,156,17,10,3,36,130,0,146,48,4.86,64.09,184,0,91,Surplus,Medium
2026-09-01,Dell Inspiron 15,Delhi,286,171,160,0,3,1,42,153,0,169,15,0.51,91.73,214,0,72,Surplus,Low
2026-10-01,Dell Inspiron 15,Delhi,275,236,222,9,6,2,59,212,0,275,55,2.92,78.35,297,13,0,Healthy,Low
2026-11-01,Dell Inspiron 15,Delhi,270,214,194,32,9,0,53,192,0,242,43,0.11,89.83,286,0,16,Healthy,Low
2026-12-01,Dell Inspiron 15,Delhi,282,226,237,39,10,0,56,202,0,241,30,0.0,85.4,274,0,47,Healthy,Low
2024-01-01,Dell Inspiron 15,Mumbai,76,134,143,35,9,1,33,120,1,124,48,2.31,56.58,166,55,0,Shortage,Medium
2024-02-01,Dell Inspiron 15,Mumbai,120,173,167,42,10,0,43,155,1,183,70,2.83,59.82,227,65,0,Shortage,Medium
2024-03-01,Dell Inspiron 15,Mumbai,156,166,151,12,7,0,41,148,0,168,17,0.0,95.39,204,36,0,Shortage,Low
2024-04-01,Dell Inspiron 15,Mumbai,153,169,158,18,4,7,42,151,0,182,77,4.45,61.5,223,52,0,Shortage,Medium
2024-05-01,Dell Inspiron 15,Mumbai,160,147,136,10,3,0,36,131,0,146,10,0.0,94.45,183,13,0,Healthy,Low
2024-06-01,Dell Inspiron 15,Mumbai,159,175,172,33,7,2,43,156,0,173,37,3.42,72.55,239,47,0,Shortage,Medium
2024-07-01,Dell Inspiron 15,Mumbai,189,141,151,7,8,3,35,126,0,142,41,3.26,71.15,169,0,27,Healthy,Medium
2024-08-01,Dell Inspiron 15,Mumbai,206,213,199,15,5,2,53,191,0,223,36,0.36,88.6,274,53,0,Shortage,Low
2024-09-01,Dell Inspiron 15,Mumbai,207,182,199,21,6,0,45,163,0,175,23,1.12,85.03,235,7,0,Healthy,Low
2024-10-01,Dell Inspiron 15,Mumbai,245,221,236,40,9,0,55,198,0,245,37,0.0,94.35,296,11,0,Healthy,Low
2024-11-01,Dell Inspiron 15,Mumbai,300,232,207,47,6,1,58,208,0,230,43,1.55,85.18,292,0,55,Surplus,Low
2024-12-01,Dell Inspiron 15,Mumbai,322,172,181,18,8,2,43,154,0,170,38,2.44,74.66,210,0,130,Surplus,Medium
2025-01-01,Dell Inspiron 15,Mumbai,349,136,106,22,5,5,34,122,0,136,42,3.46,65.91,179,0,192,Surplus,Medium
2025-02-01,Dell Inspiron 15,Mumbai,341,146,124,9,7,1,36,130,0,132,24,0.16,89.23,189,0,161,Surplus,Low
2025-03-01,Dell Inspiron 15,Mumbai,328,159,140,21,3,0,39,142,0,159,17,0.92,86.39,207,0,142,Surplus,Low
2025-04-01,Dell Inspiron 15,Mumbai,330,196,184,40,4,0,49,176,0,180,15,0.0,92.25,270,0,100,Surplus,Low
2025-05-01,Dell Inspiron 15,Mumbai,358,191,117,8,9,0,47,171,0,199,33,0.09,87.04,249,0,117,Surplus,Low
2025-06-01,Dell Inspiron 15,Mumbai,292,163,124,19,3,2,40,145,0,182,30,3.67,70.62,197,0,114,Surplus,Low
2025-07-01,Dell Inspiron 15,Mumbai,272,137,140,7,7,0,34,123,0,123,18,0.21,92.7,177,0,102,Surplus,Low
2025-08-01,Dell Inspiron 15,Mumbai,282,178,171,23,8,2,44,159,0,188,40,1.32,78.95,233,0,72,Surplus,Medium
2025-09-01,Dell Inspiron 15,Mumbai,298,167,97,36,3,1,41,149,0,177,21,0.76,89.21,202,0,132,Surplus,Low
2025-10-01,Dell Inspiron 15,Mumbai,264,166,175,36,10,0,41,148,0,158,26,0.64,91.39,207,0,93,Surplus,Low
2025-11-01,Dell Inspiron 15,Mumbai,309,148,120,24,8,0,37,133,0,155,27,0.8,86.65,189,0,144,Surplus,Low
2025-12-01,Dell Inspiron 15,Mumbai,305,225,218,19,7,0,56,202,0,219,28,0.0,91.9,306,0,18,Healthy,Low
2026-01-01,Dell Inspiron 15,Mumbai,317,141,144,24,10,1,35,126,0,144,29,3.4,69.69,186,0,155,Surplus,Low
2026-02-01,Dell Inspiron 15,Mumbai,344,124,88,17,4,1,31,111,0,131,23,0.0,93.85,151,0,210,Surplus,Low
2026-03-01,Dell Inspiron 15,Mumbai,325,168,144,28,7,1,42,151,0,189,38,1.79,79.34,235,0,118,Surplus,Low
2026-04-01,Dell Inspiron 15,Mumbai,329,193,174,17,8,3,48,173,0,177,48,4.16,71.93,262,0,84,Surplus,Medium
2026-05-01,Dell Inspiron 15,Mumbai,327,188,193,44,6,2,47,169,0,193,43,0.0,86.22,261,0,110,Surplus,Low
2026-06-01,Dell Inspiron 15,Mumbai,376,194,181,19,10,1,48,174,0,194,49,1.58,82.38,266,0,129,Surplus,Low
2026-07-01,Dell Inspiron 15,Mumbai,382,161,155,9,6,1,40,144,0,154,28,0.0,86.32,198,0,193,Surplus,Low
2026-08-01,Dell Inspiron 15,Mumbai,385,189,141,42,9,0,47,169,0,180,23,1.02,78.98,226,0,201,Surplus,Low
2026-09-01,Dell Inspiron 15,Mumbai,379,157,154,21,4,1,39,141,0,166,28,1.57,79.55,189,0,211,Surplus,Low
2026-10-01,Dell Inspiron 15,Mumbai,397,236,194,21,5,2,59,212,0,215,39,1.06,86.21,287,0,131,Surplus,Low
2026-11-01,Dell Inspiron 15,Mumbai,376,207,192,47,7,2,51,185,0,200,42,4.92,73.8,271,0,152,Surplus,Medium
2026-12-01,Dell Inspiron 15,Mumbai,408,196,94,29,5,0,49,176,0,192,17,1.0,83.63,272,0,165,Surplus,Low
2024-01-01,HP Pavilion 15,Bangalore,74,177,133,33,8,5,44,159,1,168,111,6.54,32.97,214,107,0,Shortage,High
2024-02-01,HP Pavilion 15,Bangalore,63,133,111,19,7,1,33,119,1,132,59,3.4,56.37,162,80,0,Shortage,Medium
2024-03-01,HP Pavilion 15,Bangalore,60,190,162,33,5,7,47,170,1,203,128,6.96,33.39,259,166,0,Shortage,High
2024-04-01,HP Pavilion 15,Bangalore,65,191,153,41,3,0,47,171,1,217,70,2.88,58.63,262,156,0,Shortage,Medium
2024-05-01,HP Pavilion 15,Bangalore,68,177,151,54,10,3,44,159,1,189,93,5.22,49.85,221,99,0,Shortage,High
2024-06-01,HP Pavilion 15,Bangalore,96,167,149,55,5,5,41,149,1,152,72,6.7,36.79,220,69,0,Shortage,High
2024-07-01,HP Pavilion 15,Bangalore,133,244,216,37,4,0,61,219,1,243,69,2.97,61.56,305,135,0,Shortage,Medium
2024-08-01,HP Pavilion 15,Bangalore,142,189,135,0,3,0,47,169,1,187,54,1.75,66.68,249,107,0,Shortage,Medium
2024-09-01,HP Pavilion 15,Bangalore,88,198,166,13,3,0,49,177,1,196,71,2.16,67.09,248,147,0,Shortage,Medium
2024-10-01,HP Pavilion 15,Bangalore,69,234,240,18,9,1,58,210,1,221,108,3.32,54.91,298,211,0,Shortage,High
2024-11-01,HP Pavilion 15,Bangalore,93,185,188,37,7,2,46,166,1,192,90,5.29,49.11,223,93,0,Shortage,Medium
2024-12-01,HP Pavilion 15,Bangalore,133,210,197,22,9,1,52,188,1,211,78,4.47,55.16,254,99,0,Shortage,Medium
2025-01-01,HP Pavilion 15,Bangalore,142,180,126,16,4,1,45,162,1,175,55,3.67,60.75,238,80,0,Shortage,Medium
2025-02-01,HP Pavilion 15,Bangalore,104,111,121,0,9,2,27,99,1,117,44,5.67,46.13,148,44,0,Shortage,Medium
2025-03-01,HP Pavilion 15,Bangalore,114,182,171,20,9,3,45,163,1,176,94,4.51,48.73,237,103,0,Shortage,High
2025-04-01,HP Pavilion 15,Bangalore,123,180,118,11,4,2,45,162,1,176,64,2.05,65.64,230,96,0,Shortage,Medium
2025-05-01,HP Pavilion 15,Bangalore,72,215,183,1,7,7,53,192,1,216,163,6.88,25.78,261,188,0,Shortage,High
2025-06-01,HP Pavilion 15,Bangalore,41,174,149,19,7,0,43,156,1,177,87,0.11,65.01,239,179,0,Shortage,Medium
2025-07-01,HP Pavilion 15,Bangalore,35,165,152,11,3,1,41,148,1,156,64,1.97,62.1,225,179,0,Shortage,Medium
2025-08-01,HP Pavilion 15,Bangalore,33,240,220,0,7,7,60,216,1,254,193,8.75,28.75,315,282,0,Shortage,High
2025-09-01,HP Pavilion 15,Bangalore,13,182,185,53,3,3,45,163,1,177,67,7.0,42.48,223,157,0,Shortage,High
2025-10-01,HP Pavilion 15,Bangalore,69,212,139,17,8,0,53,190,1,216,82,2.45,59.03,288,202,0,Shortage,Medium
2025-11-01,HP Pavilion 15,Bangalore,13,259,234,115,9,0,64,232,1,233,95,1.73,64.33,339,211,0,Shortage,Medium
2025-12-01,HP Pavilion 15,Bangalore,103,243,230,41,5,1,60,217,1,255,116,4.4,51.79,318,174,0,Shortage,Medium
2026-01-01,HP Pavilion 15,Bangalore,131,155,159,29,7,7,38,138,0,144,73,8.71,48.76,208,48,0,Shortage,Medium
2026-02-01,HP Pavilion 15,Bangalore,164,148,152,9,5,0,37,133,0,158,18,0.62,91.28,178,5,0,Healthy,Low
2026-03-01,HP Pavilion 15,Bangalore,177,184,154,25,7,3,46,165,0,186,45,1.85,81.57,246,44,0,Shortage,Medium
2026-04-01,HP Pavilion 15,Bangalore,172,185,127,22,8,3,46,166,0,194,49,3.79,73.3,232,38,0,Shortage,Medium
2026-05-01,HP Pavilion 15,Bangalore,136,142,116,0,6,5,35,127,1,133,69,8.38,33.47,174,38,0,Shortage,High
2026-06-01,HP Pavilion 15,Bangalore,110,159,149,40,7,2,39,142,1,142,55,3.22,58.1,193,43,0,Shortage,Medium
2026-07-01,HP Pavilion 15,Bangalore,140,167,167,1,6,0,41,149,1,153,38,1.17,73.19,218,77,0,Shortage,Medium
2026-08-01,HP Pavilion 15,Bangalore,141,206,207,11,3,3,51,184,1,206,93,5.99,42.21,258,106,0,Shortage,Medium
2026-09-01,HP Pavilion 15,Bangalore,153,162,141,36,3,0,40,145,0,164,17,0.0,94.33,212,23,0,Shortage,Low
2026-10-01,HP Pavilion 15,Bangalore,168,245,217,27,5,0,61,220,1,283,77,3.16,64.28,312,117,0,Shortage,Medium
2026-11-01,HP Pavilion 15,Bangalore,167,231,215,79,8,0,57,207,0,223,23,0.0,90.33,322,76,0,Shortage,Low
2026-12-01,HP Pavilion 15,Bangalore,230,226,235,0,10,0,56,202,0,200,36,0.39,88.96,273,43,0,Shortage,Low
2024-01-01,HP Pavilion 15,Delhi,133,120,102,11,8,0,30,108,0,103,15,0.0,95.14,164,20,0,Healthy,Low
2024-02-01,HP Pavilion 15,Delhi,126,122,89,26,6,1,30,109,0,150,15,2.88,73.47,160,8,0,Healthy,Low
2024-03-01,HP Pavilion 15,Delhi,119,185,178,37,9,0,46,166,1,187,63,2.59,62.42,229,73,0,Shortage,Medium
2024-04-01,HP Pavilion 15,Delhi,149,149,123,7,8,1,37,133,0,147,20,2.93,72.17,191,35,0,Shortage,Low
2024-05-01,HP Pavilion 15,Delhi,130,194,197,30,9,0,48,174,1,192,67,1.94,65.52,242,82,0,Shortage,Medium
2024-06-01,HP Pavilion 15,Delhi,163,177,133,18,4,2,44,159,0,160,36,1.11,80.47,232,51,0,Shortage,Low
2024-07-01,HP Pavilion 15,Delhi,137,205,147,49,9,2,51,184,1,203,83,3.91,53.58,278,92,0,Shortage,Medium
2024-08-01,HP Pavilion 15,Delhi,128,191,175,11,7,2,47,171,1,182,70,2.94,61.78,231,92,0,Shortage,Medium
2024-09-01,HP Pavilion 15,Delhi,123,197,174,41,8,7,49,177,1,202,120,7.95,30.59,254,90,0,Shortage,High
2024-10-01,HP Pavilion 15,Delhi,141,184,181,33,9,0,46,165,1,172,46,2.97,57.28,226,52,0,Shortage,Medium
2024-11-01,HP Pavilion 15,Delhi,171,206,192,44,8,1,51,184,0,211,30,2.33,83.07,270,55,0,Shortage,Low
2024-12-01,HP Pavilion 15,Delhi,201,223,172,0,7,2,55,199,1,239,80,3.6,56.3,273,72,0,Shortage,Medium
2025-01-01,HP Pavilion 15,Delhi,150,133,115,31,4,1,33,119,0,119,18,0.64,91.99,180,0,1,Healthy,Low
2025-02-01,HP Pavilion 15,Delhi,163,141,130,32,8,2,35,126,0,124,28,3.05,68.57,186,0,9,Healthy,Medium
2025-03-01,HP Pavilion 15,Delhi,184,180,212,24,5,0,45,162,0,169,17,0.0,89.56,240,32,0,Shortage,Low
2025-04-01,HP Pavilion 15,Delhi,240,161,168,20,8,5,40,144,0,145,44,6.95,55.64,200,0,60,Surplus,Medium
2025-05-01,HP Pavilion 15,Delhi,267,163,183,15,7,0,40,145,0,168,14,0.0,92.48,225,0,57,Surplus,Low
2025-06-01,HP Pavilion 15,Delhi,302,175,139,30,10,1,43,156,0,177,40,0.0,88.22,227,0,105,Surplus,Low
2025-07-01,HP Pavilion 15,Delhi,296,182,174,24,9,2,45,163,0,168,35,2.15,79.87,227,0,93,Surplus,Medium
2025-08-01,HP Pavilion 15,Delhi,312,177,161,2,3,3,44,159,0,183,48,1.06,84.52,224,0,90,Surplus,Medium
2025-09-01,HP Pavilion 15,Delhi,298,180,144,9,6,1,45,162,0,184,28,0.0,90.55,238,0,69,Surplus,Low
2025-10-01,HP Pavilion 15,Delhi,271,223,214,14,9,1,55,199,0,206,37,1.88,76.85,277,0,8,Healthy,Low
2025-11-01,HP Pavilion 15,Delhi,276,224,162,64,4,1,56,201,0,214,40,1.68,88.58,299,0,41,Healthy,Low
2025-12-01,HP Pavilion 15,Delhi,278,198,175,0,10,2,49,177,0,223,55,3.49,71.84,251,0,27,Healthy,Medium
2026-01-01,HP Pavilion 15,Delhi,255,134,125,20,10,1,33,120,0,142,26,2.47,74.52,174,0,101,Surplus,Low
2026-02-01,HP Pavilion 15,Delhi,266,172,165,6,8,0,43,154,0,174,24,0.0,91.99,239,0,33,Healthy,Low
2026-03-01,HP Pavilion 15,Delhi,265,130,89,32,9,3,32,116,0,117,45,1.69,77.54,176,0,121,Surplus,Medium
2026-04-01,HP Pavilion 15,Delhi,256,183,169,36,7,0,45,163,0,172,22,0.0,90.89,250,0,42,Healthy,Low
2026-05-01,HP Pavilion 15,Delhi,278,146,112,18,3,0,36,130,0,154,10,2.59,78.65,183,0,113,Surplus,Low
2026-06-01,HP Pavilion 15,Delhi,262,193,176,0,5,2,48,173,0,211,43,3.77,76.6,250,0,12,Healthy,Low
2026-07-01,HP Pavilion 15,Delhi,245,213,200,14,5,3,53,191,0,208,45,3.03,74.69,272,13,0,Healthy,Medium
2026-08-01,HP Pavilion 15,Delhi,246,198,191,41,3,1,49,177,0,172,26,0.38,92.09,242,0,45,Healthy,Low
2026-09-01,HP Pavilion 15,Delhi,280,144,137,24,7,0,36,129,0,144,15,0.0,91.7,185,0,119,Surplus,Low
2026-10-01,HP Pavilion 15,Delhi,297,215,175,0,7,0,53,192,0,236,29,0.0,89.01,273,0,24,Healthy,Low
2026-11-01,HP Pavilion 15,Delhi,257,248,222,14,9,2,62,223,0,241,52,0.16,88.94,331,60,0,Shortage,Medium
2026-12-01,HP Pavilion 15,Delhi,245,220,260,16,9,3,55,198,0,243,69,1.42,79.34,292,31,0,Shortage,Medium
2024-01-01,HP Pavilion 15,Mumbai,145,125,98,8,8,0,31,112,0,128,14,0.0,92.16,163,10,0,Healthy,Low
2024-02-01,HP Pavilion 15,Mumbai,126,131,103,6,9,1,32,117,0,126,28,1.88,77.19,159,27,0,Shortage,Low
2024-03-01,HP Pavilion 15,Mumbai,104,151,159,22,7,1,37,135,1,153,59,2.27,67.53,209,83,0,Shortage,Medium
2024-04-01,HP Pavilion 15,Mumbai,134,155,131,27,4,0,38,138,0,161,13,0.0,91.18,200,39,0,Shortage,Low
2024-05-01,HP Pavilion 15,Mumbai,137,141,144,18,7,0,35,126,0,160,12,0.28,88.33,188,33,0,Shortage,Low
2024-06-01,HP Pavilion 15,Mumbai,158,143,152,8,8,7,35,127,0,156,67,7.04,48.58,182,16,0,Healthy,Medium
2024-07-01,HP Pavilion 15,Mumbai,175,161,151,0,10,2,40,144,0,154,30,1.23,84.3,196,21,0,Shortage,Medium
2024-08-01,HP Pavilion 15,Mumbai,165,159,149,56,7,5,39,142,0,164,57,4.01,67.43,195,0,26,Healthy,Medium
2024-09-01,HP Pavilion 15,Mumbai,211,158,103,15,4,2,39,141,0,154,29,3.03,74.96,217,0,9,Healthy,Low
2024-10-01,HP Pavilion 15,Mumbai,171,183,172,0,7,0,45,163,1,186,50,2.35,58.97,220,49,0,Shortage,Medium
2024-11-01,HP Pavilion 15,Mumbai,160,175,165,11,7,3,43,156,1,183,64,2.72,58.44,226,55,0,Shortage,Medium
2024-12-01,HP Pavilion 15,Mumbai,161,227,223,23,9,2,56,203,1,245,105,4.41,53.37,278,94,0,Shortage,Medium
2025-01-01,HP Pavilion 15,Mumbai,180,146,117,10,8,2,36,130,0,133,30,0.26,82.88,197,7,0,Healthy,Medium
2025-02-01,HP Pavilion 15,Mumbai,161,122,99,11,10,1,30,109,0,112,26,0.45,85.16,161,0,11,Healthy,Low
2025-03-01,HP Pavilion 15,Mumbai,149,137,117,8,7,0,34,123,0,165,14,1.85,89.43,181,24,0,Shortage,Low
2025-04-01,HP Pavilion 15,Mumbai,137,179,188,15,4,2,44,160,1,179,60,5.28,52.28,225,73,0,Shortage,Medium
2025-05-01,HP Pavilion 15,Mumbai,161,145,154,7,7,0,36,130,0,123,12,1.82,85.43,176,8,0,Healthy,Low
2025-06-01,HP Pavilion 15,Mumbai,177,138,156,24,6,1,34,123,0,127,22,1.36,80.05,192,0,9,Healthy,Low
2025-07-01,HP Pavilion 15,Mumbai,219,172,191,0,8,0,43,154,0,174,20,1.24,84.87,238,19,0,Healthy,Low
2025-08-01,HP Pavilion 15,Mumbai,238,151,144,20,3,1,37,135,0,155,12,0.67,85.14,199,0,59,Surplus,Low
2025-09-01,HP Pavilion 15,Mumbai,251,143,144,15,7,0,35,127,0,140,14,0.0,91.92,178,0,88,Surplus,Low
2025-10-01,HP Pavilion 15,Mumbai,267,207,168,9,4,5,51,185,0,198,56,2.66,75.77,282,6,0,Healthy,Medium
2025-11-01,HP Pavilion 15,Mumbai,237,211,173,26,8,5,52,189,0,219,74,6.06,55.47,291,28,0,Shortage,Medium
2025-12-01,HP Pavilion 15,Mumbai,225,162,158,24,10,0,40,145,0,160,20,0.0,89.13,225,0,24,Healthy,Low
2026-01-01,HP Pavilion 15,Mumbai,245,136,155,22,10,0,34,122,0,143,24,0.0,89.88,165,0,102,Surplus,Low
2026-02-01,HP Pavilion 15,Mumbai,286,112,62,0,7,0,28,100,0,117,18,1.96,82.19,136,0,150,Surplus,Low
2026-03-01,HP Pavilion 15,Mumbai,236,160,132,8,8,3,40,144,0,159,44,2.42,73.11,217,0,27,Healthy,Medium
2026-04-01,HP Pavilion 15,Mumbai,216,146,161,3,10,0,36,130,0,151,31,1.9,83.16,182,0,37,Healthy,Low
2026-05-01,HP Pavilion 15,Mumbai,234,175,201,22,10,1,43,156,0,187,34,0.49,89.52,226,0,30,Healthy,Low
2026-06-01,HP Pavilion 15,Mumbai,282,160,117,6,10,1,40,144,0,171,36,1.06,86.66,201,0,87,Surplus,Low
2026-07-01,HP Pavilion 15,Mumbai,245,196,135,16,4,0,49,176,0,189,21,0.0,93.28,242,0,19,Healthy,Low
2026-08-01,HP Pavilion 15,Mumbai,200,197,154,30,8,5,49,177,0,188,62,5.47,58.27,248,18,0,Healthy,Medium
2026-09-01,HP Pavilion 15,Mumbai,187,135,131,20,8,3,33,120,0,131,38,2.8,78.36,183,0,24,Healthy,Medium
2026-10-01,HP Pavilion 15,Mumbai,203,185,118,0,5,5,46,166,0,187,54,6.03,59.03,225,22,0,Shortage,Medium
2026-11-01,HP Pavilion 15,Mumbai,136,169,166,0,5,2,42,151,1,185,68,2.92,59.4,230,94,0,Shortage,Medium
2026-12-01,HP Pavilion 15,Mumbai,133,160,168,4,10,0,40,144,1,166,51,1.6,66.6,212,75,0,Shortage,Medium
2024-01-01,Lenovo IdeaPad Slim 3,Bangalore,83,172,172,26,8,5,43,154,1,171,98,5.63,38.74,220,111,0,Shortage,High
2024-02-01,Lenovo IdeaPad Slim 3,Bangalore,109,223,148,17,6,3,55,199,1,237,127,4.94,42.23,290,164,0,Shortage,High
2024-03-01,Lenovo IdeaPad Slim 3,Bangalore,51,229,255,9,6,2,57,205,1,235,125,4.52,39.43,311,251,0,Shortage,High
2024-04-01,Lenovo IdeaPad Slim 3,Bangalore,86,232,248,79,7,2,58,208,1,229,81,2.93,58.05,289,124,0,Shortage,Medium
2024-05-01,Lenovo IdeaPad Slim 3,Bangalore,181,195,184,0,8,5,48,174,1,191,109,6.17,42.84,268,87,0,Shortage,High
2024-06-01,Lenovo IdeaPad Slim 3,Bangalore,170,291,234,50,7,3,72,261,1,268,112,3.99,48.71,361,141,0,Shortage,Medium
2024-07-01,Lenovo IdeaPad Slim 3,Bangalore,163,270,285,42,7,0,67,242,1,234,76,2.84,61.31,334,129,0,Shortage,Medium
2024-08-01,Lenovo IdeaPad Slim 3,Bangalore,220,267,286,15,7,1,66,239,1,276,94,4.41,52.76,345,110,0,Shortage,Medium
2024-09-01,Lenovo IdeaPad Slim 3,Bangalore,254,214,166,17,10,0,53,192,0,248,35,0.87,84.78,289,18,0,Healthy,Low
2024-10-01,Lenovo IdeaPad Slim 3,Bangalore,223,323,323,46,10,0,80,289,1,299,97,1.46,69.45,405,136,0,Shortage,Medium
2024-11-01,Lenovo IdeaPad Slim 3,Bangalore,269,281,267,65,3,0,70,252,0,285,28,0.0,89.23,383,49,0,Shortage,Low
2024-12-01,Lenovo IdeaPad Slim 3,Bangalore,320,284,311,14,10,3,71,255,0,256,88,2.86,74.05,342,8,0,Healthy,Medium
2025-01-01,Lenovo IdeaPad Slim 3,Bangalore,361,247,253,63,8,0,61,221,0,279,36,0.0,84.35,320,0,104,Surplus,Low
2025-02-01,Lenovo IdeaPad Slim 3,Bangalore,430,219,250,13,6,2,54,196,0,214,45,1.44,78.81,281,0,162,Surplus,Low
2025-03-01,Lenovo IdeaPad Slim 3,Bangalore,474,200,189,29,8,1,50,180,0,211,38,0.77,90.18,250,0,253,Surplus,Low
2025-04-01,Lenovo IdeaPad Slim 3,Bangalore,492,220,215,20,9,1,55,198,0,230,47,0.37,83.78,294,0,218,Surplus,Low
2025-05-01,Lenovo IdeaPad Slim 3,Bangalore,507,264,232,4,8,0,66,237,0,263,41,0.0,90.98,352,0,159,Surplus,Low
2025-06-01,Lenovo IdeaPad Slim 3,Bangalore,479,256,266,0,10,5,64,230,0,236,85,3.77,66.3,307,0,172,Surplus,Medium
2025-07-01,Lenovo IdeaPad Slim 3,Bangalore,489,258,213,56,3,2,64,231,0,264,33,2.47,84.12,320,0,225,Surplus,Low
2025-08-01,Lenovo IdeaPad Slim 3,Bangalore,500,240,174,27,8,0,60,216,0,248,33,0.0,96.08,304,0,223,Surplus,Low
2025-09-01,Lenovo IdeaPad Slim 3,Bangalore,461,246,184,45,3,0,61,220,0,252,13,0.17,92.3,331,0,175,Surplus,Low
2025-10-01,Lenovo IdeaPad Slim 3,Bangalore,444,257,239,62,8,1,64,231,0,255,46,0.51,90.25,319,0,187,Surplus,Low
2025-11-01,Lenovo IdeaPad Slim 3,Bangalore,488,232,200,15,5,0,58,208,0,236,24,0.0,92.84,297,0,206,Surplus,Low
2025-12-01,Lenovo IdeaPad Slim 3,Bangalore,471,327,248,95,4,7,81,293,0,340,147,7.73,50.42,396,0,170,Surplus,Medium
2026-01-01,Lenovo IdeaPad Slim 3,Bangalore,487,193,180,31,5,0,48,173,0,195,17,1.09,86.83,233,0,285,Surplus,Low
2026-02-01,Lenovo IdeaPad Slim 3,Bangalore,505,206,200,48,6,1,51,184,0,227,27,1.38,83.1,249,0,304,Surplus,Low
2026-03-01,Lenovo IdeaPad Slim 3,Bangalore,547,228,192,15,6,1,57,205,0,233,35,0.94,83.95,288,0,274,Surplus,Low
2026-04-01,Lenovo IdeaPad Slim 3,Bangalore,526,188,148,26,10,1,47,169,0,212,51,1.18,87.08,251,0,301,Surplus,Low
2026-05-01,Lenovo IdeaPad Slim 3,Bangalore,512,224,235,0,6,3,56,201,0,224,49,2.83,75.73,279,0,233,Surplus,Medium
2026-06-01,Lenovo IdeaPad Slim 3,Bangalore,523,258,265,69,4,0,64,231,0,243,23,1.62,84.11,326,0,266,Surplus,Low
2026-07-01,Lenovo IdeaPad Slim 3,Bangalore,599,256,222,0,9,1,64,230,0,243,38,0.87,76.84,317,0,282,Surplus,Low
2026-08-01,Lenovo IdeaPad Slim 3,Bangalore,565,259,202,9,9,3,64,232,0,254,72,3.59,69.81,310,0,264,Surplus,Medium
2026-09-01,Lenovo IdeaPad Slim 3,Bangalore,517,227,226,23,8,0,56,203,0,226,33,0.0,87.98,310,0,230,Surplus,Low
2026-10-01,Lenovo IdeaPad Slim 3,Bangalore,539,265,286,0,6,7,66,238,0,272,109,8.02,41.62,355,0,184,Surplus,Medium
2026-11-01,Lenovo IdeaPad Slim 3,Bangalore,560,296,247,14,8,0,74,266,0,270,36,0.0,92.99,370,0,204,Surplus,Low
2026-12-01,Lenovo IdeaPad Slim 3,Bangalore,525,266,203,0,9,0,66,238,0,258,28,0.3,85.26,336,0,189,Surplus,Low
2024-01-01,Lenovo IdeaPad Slim 3,Delhi,75,210,182,39,8,5,52,188,1,191,109,8.53,30.36,277,163,0,Shortage,High
2024-02-01,Lenovo IdeaPad Slim 3,Delhi,86,213,158,78,7,2,53,191,1,196,71,4.62,52.32,258,94,0,Shortage,Medium
2024-03-01,Lenovo IdeaPad Slim 3,Delhi,109,186,171,0,4,0,46,166,1,169,51,0.0,71.37,223,114,0,Shortage,Medium
2024-04-01,Lenovo IdeaPad Slim 3,Delhi,94,270,271,70,10,3,67,242,1,258,129,4.08,49.04,348,184,0,Shortage,High
2024-05-01,Lenovo IdeaPad Slim 3,Delhi,165,171,127,22,7,0,42,153,0,192,21,0.2,90.17,216,29,0,Shortage,Low
2024-06-01,Lenovo IdeaPad Slim 3,Delhi,143,235,220,17,3,0,58,210,1,227,60,2.21,62.93,323,163,0,Shortage,Medium
2024-07-01,Lenovo IdeaPad Slim 3,Delhi,145,235,214,28,9,3,58,210,1,239,110,4.21,47.74,326,153,0,Shortage,High
2024-08-01,Lenovo IdeaPad Slim 3,Delhi,152,240,189,50,4,0,60,216,1,241,78,2.36,69.77,295,93,0,Shortage,Medium
2024-09-01,Lenovo IdeaPad Slim 3,Delhi,151,214,184,2,4,0,53,192,1,211,51,4.43,55.27,297,144,0,Shortage,Medium
2024-10-01,Lenovo IdeaPad Slim 3,Delhi,123,266,230,0,8,3,66,238,1,270,141,6.14,39.9,343,220,0,Shortage,High
2024-11-01,Lenovo IdeaPad Slim 3,Delhi,87,245,234,18,5,3,61,220,1,256,118,5.06,46.28,340,235,0,Shortage,High
2024-12-01,Lenovo IdeaPad Slim 3,Delhi,94,259,185,9,5,0,64,232,1,286,102,1.89,63.69,346,243,0,Shortage,Medium
2025-01-01,Lenovo IdeaPad Slim 3,Delhi,29,198,192,51,6,0,49,177,1,216,94,0.5,69.51,243,163,0,Shortage,Medium
2025-02-01,Lenovo IdeaPad Slim 3,Delhi,74,209,178,7,10,3,52,187,1,195,130,9.2,22.02,267,186,0,Shortage,High
2025-03-01,Lenovo IdeaPad Slim 3,Delhi,50,266,232,0,6,3,66,238,1,287,164,6.65,32.87,360,310,0,Shortage,High
2025-04-01,Lenovo IdeaPad Slim 3,Delhi,16,192,160,7,7,7,48,172,1,203,156,8.56,20.0,267,244,0,Shortage,High
2025-05-01,Lenovo IdeaPad Slim 3,Delhi,0,222,247,8,7,1,55,199,1,239,114,1.5,59.88,281,273,0,Shortage,High
2025-06-01,Lenovo IdeaPad Slim 3,Delhi,33,255,219,0,6,2,63,228,1,236,116,5.08,46.25,350,317,0,Shortage,High
2025-07-01,Lenovo IdeaPad Slim 3,Delhi,0,260,221,0,4,5,65,234,1,266,181,7.83,20.33,334,334,0,Shortage,High
2025-08-01,Lenovo IdeaPad Slim 3,Delhi,0,210,165,12,7,1,52,188,1,193,105,3.71,54.3,282,270,0,Shortage,High
2025-09-01,Lenovo IdeaPad Slim 3,Delhi,0,188,150,50,3,1,47,169,1,162,64,2.0,61.77,250,200,0,Shortage,Medium
2025-10-01,Lenovo IdeaPad Slim 3,Delhi,12,286,308,0,5,2,71,256,1,279,162,5.75,41.97,396,384,0,Shortage,High
2025-11-01,Lenovo IdeaPad Slim 3,Delhi,34,245,238,42,3,5,61,220,1,262,157,8.3,31.77,328,252,0,Shortage,High
2025-12-01,Lenovo IdeaPad Slim 3,Delhi,69,259,256,21,5,0,64,232,1,249,97,2.88,61.55,344,254,0,Shortage,Medium
2026-01-01,Lenovo IdeaPad Slim 3,Delhi,87,226,147,37,3,1,56,202,1,216,86,1.18,64.66,303,179,0,Shortage,Medium
2026-02-01,Lenovo IdeaPad Slim 3,Delhi,45,209,204,0,3,1,52,187,1,231,110,3.22,55.61,263,218,0,Shortage,Medium
2026-03-01,Lenovo IdeaPad Slim 3,Delhi,40,236,257,53,4,5,59,212,1,247,154,7.08,32.22,295,202,0,Shortage,High
2026-04-01,Lenovo IdeaPad Slim 3,Delhi,114,184,143,20,5,1,46,165,1,194,61,2.19,61.63,253,119,0,Shortage,Medium
2026-05-01,Lenovo IdeaPad Slim 3,Delhi,93,241,185,41,5,0,60,216,1,238,79,1.5,66.09,319,185,0,Shortage,Medium
2026-06-01,Lenovo IdeaPad Slim 3,Delhi,78,204,162,23,4,5,51,183,1,199,116,7.05,36.2,284,183,0,Shortage,High
2026-07-01,Lenovo IdeaPad Slim 3,Delhi,59,240,181,0,3,0,60,216,1,227,96,3.14,53.22,297,238,0,Shortage,Medium
2026-08-01,Lenovo IdeaPad Slim 3,Delhi,0,233,223,69,9,0,58,209,1,221,92,3.65,55.91,300,231,0,Shortage,Medium
2026-09-01,Lenovo IdeaPad Slim 3,Delhi,59,235,157,0,3,2,58,210,1,252,109,4.66,48.88,293,234,0,Shortage,High
2026-10-01,Lenovo IdeaPad Slim 3,Delhi,0,285,213,38,4,1,71,256,1,273,109,3.91,55.49,363,325,0,Shortage,High
2026-11-01,Lenovo IdeaPad Slim 3,Delhi,0,245,243,28,8,0,61,220,1,241,120,4.01,49.08,298,270,0,Shortage,High
2026-12-01,Lenovo IdeaPad Slim 3,Delhi,26,273,245,66,3,1,68,245,1,295,107,2.91,56.4,338,246,0,Shortage,Medium
2024-01-01,Lenovo IdeaPad Slim 3,Mumbai,128,150,102,9,8,2,37,134,1,152,50,5.7,49.02,208,71,0,Shortage,Medium
2024-02-01,Lenovo IdeaPad Slim 3,Mumbai,89,173,192,0,5,3,43,155,1,168,78,6.2,40.69,235,146,0,Shortage,High
2024-03-01,Lenovo IdeaPad Slim 3,Mumbai,108,212,204,36,10,1,53,190,1,215,96,2.54,58.41,257,113,0,Shortage,Medium
2024-04-01,Lenovo IdeaPad Slim 3,Mumbai,136,189,128,41,7,1,47,169,1,173,54,3.05,56.74,226,49,0,Shortage,Medium
2024-05-01,Lenovo IdeaPad Slim 3,Mumbai,116,208,213,18,9,2,52,187,1,197,88,1.43,63.11,262,128,0,Shortage,High
2024-06-01,Lenovo IdeaPad Slim 3,Mumbai,139,234,199,42,3,3,58,210,1,223,83,3.92,51.08,317,136,0,Shortage,Medium
2024-07-01,Lenovo IdeaPad Slim 3,Mumbai,146,223,195,0,8,2,55,199,1,223,100,4.57,46.66,305,159,0,Shortage,Medium
2024-08-01,Lenovo IdeaPad Slim 3,Mumbai,118,221,176,61,9,1,55,198,1,212,78,1.81,57.56,303,124,0,Shortage,Medium
2024-09-01,Lenovo IdeaPad Slim 3,Mumbai,134,201,191,19,4,1,50,180,1,196,59,2.82,58.69,261,108,0,Shortage,Medium
2024-10-01,Lenovo IdeaPad Slim 3,Mumbai,143,223,184,25,6,2,55,199,1,226,88,3.26,53.07,300,132,0,Shortage,Medium
2024-11-01,Lenovo IdeaPad Slim 3,Mumbai,129,311,334,45,7,1,77,279,1,288,123,1.81,63.66,379,205,0,Shortage,Medium
2024-12-01,Lenovo IdeaPad Slim 3,Mumbai,197,271,238,60,9,3,67,243,1,277,115,5.87,41.76,360,103,0,Shortage,Medium
2025-01-01,Lenovo IdeaPad Slim 3,Mumbai,224,177,173,27,3,1,44,159,0,182,21,2.32,79.66,242,0,9,Healthy,Low
2025-02-01,Lenovo IdeaPad Slim 3,Mumbai,247,143,126,12,4,1,35,127,0,142,20,0.0,90.16,182,0,77,Surplus,Low
2025-03-01,Lenovo IdeaPad Slim 3,Mumbai,242,204,196,20,6,2,51,183,0,193,36,1.24,79.5,277,15,0,Healthy,Low
2025-04-01,Lenovo IdeaPad Slim 3,Mumbai,254,174,154,13,8,1,43,156,0,172,41,1.38,84.22,220,0,47,Healthy,Low
2025-05-01,Lenovo IdeaPad Slim 3,Mumbai,247,221,164,10,4,3,55,198,0,222,42,4.29,74.65,298,41,0,Shortage,Medium
2025-06-01,Lenovo IdeaPad Slim 3,Mumbai,200,189,183,1,3,0,47,169,0,183,14,1.76,84.29,236,35,0,Shortage,Low
2025-07-01,Lenovo IdeaPad Slim 3,Mumbai,195,211,221,63,8,0,52,189,0,207,23,0.0,88.06,263,5,0,Healthy,Low
2025-08-01,Lenovo IdeaPad Slim 3,Mumbai,268,198,146,31,6,3,49,177,0,223,52,3.68,71.54,260,0,39,Healthy,Medium
2025-09-01,Lenovo IdeaPad Slim 3,Mumbai,247,224,145,30,3,0,56,201,0,233,15,0.72,86.68,283,6,0,Healthy,Low
2025-10-01,Lenovo IdeaPad Slim 3,Mumbai,198,259,193,46,8,0,64,232,1,269,76,0.0,72.41,333,89,0,Shortage,Medium
2025-11-01,Lenovo IdeaPad Slim 3,Mumbai,178,273,241,35,9,2,68,245,1,267,107,3.44,56.49,344,131,0,Shortage,Medium
2025-12-01,Lenovo IdeaPad Slim 3,Mumbai,181,224,207,40,10,3,56,201,1,242,108,3.71,49.65,269,48,0,Shortage,Medium
2026-01-01,Lenovo IdeaPad Slim 3,Mumbai,204,164,170,0,8,0,41,147,0,173,26,1.6,85.91,197,0,7,Healthy,Low
2026-02-01,Lenovo IdeaPad Slim 3,Mumbai,210,191,220,0,10,1,47,171,0,168,36,2.98,81.73,231,21,0,Shortage,Low
2026-03-01,Lenovo IdeaPad Slim 3,Mumbai,239,181,185,0,4,0,45,162,0,183,24,1.34,88.3,252,13,0,Healthy,Low
2026-04-01,Lenovo IdeaPad Slim 3,Mumbai,243,204,224,15,5,7,51,183,0,221,82,6.38,55.42,280,22,0,Shortage,Medium
2026-05-01,Lenovo IdeaPad Slim 3,Mumbai,278,193,176,30,8,0,48,173,0,177,19,0.0,95.88,254,0,54,Surplus,Low
2026-06-01,Lenovo IdeaPad Slim 3,Mumbai,291,231,223,23,8,0,57,207,0,207,29,0.29,91.41,297,0,17,Healthy,Low
2026-07-01,Lenovo IdeaPad Slim 3,Mumbai,306,237,224,70,4,5,59,213,0,266,84,4.03,67.49,300,0,76,Surplus,Medium
2026-08-01,Lenovo IdeaPad Slim 3,Mumbai,363,231,217,28,10,2,57,207,0,278,69,2.83,72.06,321,0,70,Surplus,Medium
2026-09-01,Lenovo IdeaPad Slim 3,Mumbai,377,225,242,22,9,5,56,202,0,216,93,4.75,60.83,272,0,127,Surplus,Medium
2026-10-01,Lenovo IdeaPad Slim 3,Mumbai,416,240,173,26,8,7,60,216,0,225,104,6.51,51.79,313,0,129,Surplus,Medium
2026-11-01,Lenovo IdeaPad Slim 3,Mumbai,375,208,203,8,10,0,52,187,0,186,21,0.71,85.11,277,0,106,Surplus,Low
2026-12-01,Lenovo IdeaPad Slim 3,Mumbai,378,233,186,16,9,7,58,209,0,227,101,6.15,57.31,317,0,77,Surplus,High
